time,temperature,cloud_cover,wind_speed,solar_radiation,ev_load,house_demand,solar,wind
2024-01-01 00:00:00,17.0,61,10.4,0.0,73,163,0.0,129.75
2024-01-01 01:00:00,17.27,31,9.51,0.0,95,160,0.0,108.46
2024-01-01 02:00:00,18.07,29,5.18,0.0,98,188,0.0,32.25
2024-01-01 03:00:00,19.34,69,6.71,0.0,59,273,0.0,54.07
2024-01-01 04:00:00,21.0,78,4.66,0.0,75,274,0.0,26.04
2024-01-01 05:00:00,22.93,37,3.76,0.0,47,175,0.0,16.93
2024-01-01 06:00:00,25.0,36,5.58,0.0,56,286,0.0,37.35
2024-01-01 07:00:00,27.07,23,6.77,179.36,119,319,62.78,54.97
2024-01-01 08:00:00,29.0,21,10.39,355.5,107,342,124.42,129.52
2024-01-01 09:00:00,30.66,9,9.51,579.12,122,257,202.69,108.46
2024-01-01 10:00:00,31.93,26,5.68,576.77,89,163,201.87,38.76
2024-01-01 11:00:00,32.73,47,3.95,460.75,58,246,161.26,18.68
2024-01-01 12:00:00,33.0,33,7.74,603.0,79,224,211.05,71.82
2024-01-01 13:00:00,32.73,30,9.93,608.53,67,194,212.99,118.33
2024-01-01 14:00:00,31.93,33,8.12,522.21,97,181,182.77,79.17
2024-01-01 15:00:00,30.66,13,6.05,553.66,92,184,193.78,43.97
2024-01-01 16:00:00,29.0,36,8.29,288.0,44,171,100.8,82.55
2024-01-01 17:00:00,27.07,54,8.34,107.15,97,263,37.5,83.47
2024-01-01 18:00:00,25.0,7,8.86,0.0,132,434,0.0,94.11
2024-01-01 19:00:00,22.93,58,5.44,0.0,152,393,0.0,35.55
2024-01-01 20:00:00,21.0,21,5.52,0.0,213,345,0.0,36.61
2024-01-01 21:00:00,19.34,52,3.91,0.0,210,321,0.0,18.36
2024-01-01 22:00:00,18.07,76,11.5,0.0,193,360,0.0,158.56
2024-01-01 23:00:00,17.27,58,5.07,0.0,42,385,0.0,30.89
2024-01-02 00:00:00,17.0,46,10.91,0.0,99,164,0.0,142.8
2024-01-02 01:00:00,17.27,30,8.66,0.0,95,197,0.0,90.04
2024-01-02 02:00:00,18.07,22,9.4,0.0,95,240,0.0,106.04
2024-01-02 03:00:00,19.34,29,3.55,0.0,54,216,0.0,15.13
2024-01-02 04:00:00,21.0,50,11.68,0.0,69,186,0.0,163.65
2024-01-02 05:00:00,22.93,78,8.92,0.0,88,263,0.0,95.5
2024-01-02 06:00:00,25.0,63,3.26,0.0,43,300,0.0,12.71
2024-01-02 07:00:00,27.07,69,3.1,72.21,129,333,25.27,11.5
2024-01-02 08:00:00,29.0,45,11.52,247.5,150,272,86.62,159.33
2024-01-02 09:00:00,30.66,64,5.16,229.1,147,285,80.19,31.9
2024-01-02 10:00:00,31.93,5,10.87,740.45,70,169,259.16,141.74
2024-01-02 11:00:00,32.73,20,7.87,695.47,43,235,243.41,74.27
2024-01-02 12:00:00,33.0,75,10.75,225.0,99,207,78.75,138.69
2024-01-02 13:00:00,32.73,72,6.22,243.41,80,256,85.19,46.39
2024-01-02 14:00:00,31.93,18,6.9,639.13,46,224,223.69,57.16
2024-01-02 15:00:00,30.66,14,7.18,547.3,59,211,191.56,61.86
2024-01-02 16:00:00,29.0,47,10.13,238.5,53,160,83.47,123.2
2024-01-02 17:00:00,27.07,31,6.09,160.73,77,183,56.25,44.48
2024-01-02 18:00:00,25.0,35,7.07,0.0,218,359,0.0,60.0
2024-01-02 19:00:00,22.93,75,6.58,0.0,172,433,0.0,52.01
2024-01-02 20:00:00,21.0,6,4.44,0.0,157,410,0.0,23.68
2024-01-02 21:00:00,19.34,25,4.12,0.0,217,344,0.0,20.4
2024-01-02 22:00:00,18.07,24,3.05,0.0,200,302,0.0,11.16
2024-01-02 23:00:00,17.27,43,8.5,0.0,70,434,0.0,86.62
2024-01-03 00:00:00,17.0,19,9.09,0.0,73,181,0.0,99.25
2024-01-03 01:00:00,17.27,13,5.54,0.0,95,260,0.0,36.86
2024-01-03 02:00:00,18.07,70,8.57,0.0,71,234,0.0,88.11
2024-01-03 03:00:00,19.34,21,11.02,0.0,63,205,0.0,145.65
2024-01-03 04:00:00,21.0,41,11.19,0.0,44,163,0.0,150.27
2024-01-03 05:00:00,22.93,12,3.9,0.0,70,233,0.0,18.29
2024-01-03 06:00:00,25.0,3,7.37,0.0,85,333,0.0,65.13
2024-01-03 07:00:00,27.07,56,4.07,102.49,116,303,35.87,19.86
2024-01-03 08:00:00,29.0,58,3.01,189.0,105,341,66.15,10.91
2024-01-03 09:00:00,30.66,57,11.75,273.65,89,302,95.78,165.7
2024-01-03 10:00:00,31.93,44,10.01,436.48,48,176,152.77,120.29
2024-01-03 11:00:00,32.73,18,8.38,712.85,63,235,249.5,84.25
2024-01-03 12:00:00,33.0,2,9.05,882.0,61,245,308.7,98.23
2024-01-03 13:00:00,32.73,9,5.27,791.09,72,186,276.88,33.27
2024-01-03 14:00:00,31.93,12,6.78,685.89,49,233,240.06,55.2
2024-01-03 15:00:00,30.66,20,10.2,509.12,51,151,178.19,124.83
2024-01-03 16:00:00,29.0,58,9.71,189.0,40,246,66.15,113.13
2024-01-03 17:00:00,27.07,63,10.76,86.19,80,161,30.17,139.06
2024-01-03 18:00:00,25.0,40,11.5,0.0,165,436,0.0,158.6
2024-01-03 19:00:00,22.93,1,7.29,0.0,175,323,0.0,63.76
2024-01-03 20:00:00,21.0,58,9.6,0.0,176,333,0.0,110.68
2024-01-03 21:00:00,19.34,7,6.84,0.0,158,367,0.0,56.19
2024-01-03 22:00:00,18.07,67,11.55,0.0,127,377,0.0,160.06
2024-01-03 23:00:00,17.27,63,4.81,0.0,57,326,0.0,27.74
2024-01-04 00:00:00,17.0,70,4.96,0.0,51,253,0.0,29.53
2024-01-04 01:00:00,17.27,77,9.86,0.0,79,191,0.0,116.66
2024-01-04 02:00:00,18.07,72,8.95,0.0,84,258,0.0,96.15
2024-01-04 03:00:00,19.34,30,10.11,0.0,85,179,0.0,122.73
2024-01-04 04:00:00,21.0,4,4.93,0.0,88,229,0.0,29.14
2024-01-04 05:00:00,22.93,53,11.31,0.0,53,207,0.0,153.5
2024-01-04 06:00:00,25.0,8,4.22,0.0,57,296,0.0,21.42
2024-01-04 07:00:00,27.07,59,9.17,95.5,149,282,33.43,100.82
2024-01-04 08:00:00,29.0,77,10.2,103.5,141,285,36.22,124.87
2024-01-04 09:00:00,30.66,57,4.24,273.65,124,295,95.78,21.55
2024-01-04 10:00:00,31.93,44,10.77,436.48,66,254,152.77,139.24
2024-01-04 11:00:00,32.73,34,6.25,573.76,88,252,200.82,46.93
2024-01-04 12:00:00,33.0,67,8.49,297.0,68,268,103.95,86.57
2024-01-04 13:00:00,32.73,41,11.11,512.91,66,164,179.52,148.13
2024-01-04 14:00:00,31.93,21,5.47,615.74,95,194,215.51,35.88
2024-01-04 15:00:00,30.66,7,6.35,591.85,55,221,207.15,48.38
2024-01-04 16:00:00,29.0,61,7.88,175.5,86,253,61.42,74.46
2024-01-04 17:00:00,27.07,78,9.04,51.25,76,278,17.94,98.0
2024-01-04 18:00:00,25.0,36,10.03,0.0,193,313,0.0,120.77
2024-01-04 19:00:00,22.93,19,4.85,0.0,207,355,0.0,28.19
2024-01-04 20:00:00,21.0,27,3.59,0.0,128,424,0.0,15.43
2024-01-04 21:00:00,19.34,56,6.42,0.0,207,368,0.0,49.52
2024-01-04 22:00:00,18.07,7,3.22,0.0,213,403,0.0,12.47
2024-01-04 23:00:00,17.27,56,3.86,0.0,44,407,0.0,17.87
2024-01-05 00:00:00,17.0,37,11.46,0.0,50,198,0.0,157.72
2024-01-05 01:00:00,17.27,38,6.21,0.0,67,194,0.0,46.32
2024-01-05 02:00:00,18.07,38,10.34,0.0,62,280,0.0,128.22
2024-01-05 03:00:00,19.34,74,9.41,0.0,62,234,0.0,106.33
2024-01-05 04:00:00,21.0,74,5.38,0.0,54,232,0.0,34.78
2024-01-05 05:00:00,22.93,14,8.18,0.0,41,237,0.0,80.23
2024-01-05 06:00:00,25.0,18,11.23,0.0,62,325,0.0,151.46
2024-01-05 07:00:00,27.07,41,4.56,137.43,139,303,48.1,24.92
2024-01-05 08:00:00,29.0,9,8.9,409.5,93,298,143.32,95.01
2024-01-05 09:00:00,30.66,49,11.98,324.56,137,327,113.6,172.22
2024-01-05 10:00:00,31.93,16,5.25,654.72,61,254,229.15,33.07
2024-01-05 11:00:00,32.73,32,7.2,591.15,84,272,206.9,62.28
2024-01-05 12:00:00,33.0,54,3.08,414.0,40,213,144.9,11.42
2024-01-05 13:00:00,32.73,18,10.49,712.85,64,205,249.5,132.02
2024-01-05 14:00:00,31.93,57,4.46,335.15,43,249,117.3,23.84
2024-01-05 15:00:00,30.66,57,7.23,273.65,90,180,95.78,62.76
2024-01-05 16:00:00,29.0,41,3.55,265.5,74,175,92.92,15.13
2024-01-05 17:00:00,27.07,41,10.7,137.43,52,212,48.1,137.45
2024-01-05 18:00:00,25.0,22,3.17,0.0,165,439,0.0,12.09
2024-01-05 19:00:00,22.93,60,8.84,0.0,164,414,0.0,93.74
2024-01-05 20:00:00,21.0,18,7.17,0.0,131,375,0.0,61.72
2024-01-05 21:00:00,19.34,31,3.19,0.0,163,302,0.0,12.18
2024-01-05 22:00:00,18.07,44,3.19,0.0,210,403,0.0,12.25
2024-01-05 23:00:00,17.27,46,5.11,0.0,60,317,0.0,31.3
2024-01-06 00:00:00,17.0,32,7.34,0.0,48,280,0.0,64.6
2024-01-06 01:00:00,17.27,22,4.62,0.0,54,213,0.0,25.6
2024-01-06 02:00:00,18.07,49,8.33,0.0,66,202,0.0,83.32
2024-01-06 03:00:00,19.34,39,8.44,0.0,57,242,0.0,85.48
2024-01-06 04:00:00,21.0,26,9.06,0.0,68,267,0.0,98.45
2024-01-06 05:00:00,22.93,27,11.63,0.0,94,209,0.0,162.25
2024-01-06 06:00:00,25.0,18,9.05,0.0,98,305,0.0,98.25
2024-01-06 07:00:00,27.07,29,7.89,165.39,148,340,57.88,74.66
2024-01-06 08:00:00,29.0,52,11.04,216.0,107,323,75.6,146.31
2024-01-06 09:00:00,30.66,34,3.35,420.02,109,282,147.01,13.48
2024-01-06 10:00:00,31.93,71,7.07,226.03,96,158,79.11,59.99
2024-01-06 11:00:00,32.73,62,4.82,330.35,90,201,115.62,27.82
2024-01-06 12:00:00,33.0,58,10.46,378.0,63,198,132.3,131.18
2024-01-06 13:00:00,32.73,22,5.33,678.08,62,162,237.33,34.09
2024-01-06 14:00:00,31.93,49,8.59,397.51,49,156,139.13,88.54
2024-01-06 15:00:00,30.66,30,4.21,445.48,60,195,155.92,21.24
2024-01-06 16:00:00,29.0,3,5.84,436.5,90,274,152.77,40.91
2024-01-06 17:00:00,27.07,41,3.93,137.43,74,242,48.1,18.57
2024-01-06 18:00:00,25.0,28,9.76,0.0,171,392,0.0,114.4
2024-01-06 19:00:00,22.93,48,3.26,0.0,211,425,0.0,12.73
2024-01-06 20:00:00,21.0,32,6.51,0.0,158,439,0.0,50.78
2024-01-06 21:00:00,19.34,33,4.74,0.0,196,378,0.0,26.94
2024-01-06 22:00:00,18.07,23,3.55,0.0,168,409,0.0,15.09
2024-01-06 23:00:00,17.27,42,6.46,0.0,50,419,0.0,50.13
2024-01-07 00:00:00,17.0,34,6.36,0.0,81,275,0.0,48.58
2024-01-07 01:00:00,17.27,53,9.62,0.0,51,247,0.0,111.13
2024-01-07 02:00:00,18.07,35,11.9,0.0,60,187,0.0,170.07
2024-01-07 03:00:00,19.34,28,8.79,0.0,57,156,0.0,92.74
2024-01-07 04:00:00,21.0,15,11.57,0.0,53,186,0.0,160.66
2024-01-07 05:00:00,22.93,31,10.18,0.0,42,223,0.0,124.26
2024-01-07 06:00:00,25.0,54,5.66,0.0,40,296,0.0,38.41
2024-01-07 07:00:00,27.07,20,3.32,186.35,142,326,65.22,13.22
2024-01-07 08:00:00,29.0,10,4.33,405.0,124,263,141.75,22.55
2024-01-07 09:00:00,30.66,21,6.82,502.75,149,333,175.96,55.86
2024-01-07 10:00:00,31.93,8,10.34,717.07,57,255,250.97,128.4
2024-01-07 11:00:00,32.73,49,8.46,443.36,49,236,155.18,85.96
2024-01-07 12:00:00,33.0,65,3.4,315.0,87,260,110.25,13.89
2024-01-07 13:00:00,32.73,62,5.46,330.35,54,207,115.62,35.8
2024-01-07 14:00:00,31.93,48,4.16,405.3,99,234,141.85,20.74
2024-01-07 15:00:00,30.66,31,3.31,439.11,81,153,153.69,13.14
2024-01-07 16:00:00,29.0,59,7.61,184.5,89,239,64.58,69.51
2024-01-07 17:00:00,27.07,6,4.4,218.96,42,154,76.64,23.19
2024-01-07 18:00:00,25.0,80,11.73,0.0,171,300,0.0,165.21
2024-01-07 19:00:00,22.93,66,7.02,0.0,167,365,0.0,59.11
2024-01-07 20:00:00,21.0,67,8.25,0.0,185,380,0.0,81.62
2024-01-07 21:00:00,19.34,1,10.89,0.0,217,413,0.0,142.38
2024-01-07 22:00:00,18.07,48,5.05,0.0,182,450,0.0,30.57
2024-01-07 23:00:00,17.27,33,7.54,0.0,69,417,0.0,68.15
2024-01-08 00:00:00,17.0,0,7.56,0.0,84,223,0.0,68.59
2024-01-08 01:00:00,17.27,78,10.82,0.0,89,206,0.0,140.56
2024-01-08 02:00:00,18.07,17,9.15,0.0,55,192,0.0,100.49
2024-01-08 03:00:00,19.34,45,9.59,0.0,84,169,0.0,110.46
2024-01-08 04:00:00,21.0,19,10.67,0.0,86,245,0.0,136.72
2024-01-08 05:00:00,22.93,27,6.31,0.0,57,215,0.0,47.85
2024-01-08 06:00:00,25.0,73,6.67,0.0,74,341,0.0,53.33
2024-01-08 07:00:00,27.07,37,4.31,146.75,141,346,51.36,22.3
2024-01-08 08:00:00,29.0,74,3.64,117.0,90,306,40.95,15.88
2024-01-08 09:00:00,30.66,68,5.86,203.65,148,337,71.28,41.21
2024-01-08 10:00:00,31.93,48,3.29,405.3,60,251,141.85,12.98
2024-01-08 11:00:00,32.73,68,5.09,278.19,57,191,97.37,31.11
2024-01-08 12:00:00,33.0,19,7.63,729.0,94,230,255.15,69.77
2024-01-08 13:00:00,32.73,36,3.16,556.37,69,250,194.73,11.99
2024-01-08 14:00:00,31.93,41,5.4,459.86,56,167,160.95,35.0
2024-01-08 15:00:00,30.66,17,11.15,528.21,65,263,184.87,149.1
2024-01-08 16:00:00,29.0,19,11.73,364.5,75,156,127.57,165.01
2024-01-08 17:00:00,27.07,21,7.46,184.02,94,254,64.41,66.78
2024-01-08 18:00:00,25.0,18,6.95,0.0,194,369,0.0,58.02
2024-01-08 19:00:00,22.93,72,5.78,0.0,190,408,0.0,40.08
2024-01-08 20:00:00,21.0,73,7.66,0.0,183,315,0.0,70.47
2024-01-08 21:00:00,19.34,26,4.51,0.0,159,358,0.0,24.41
2024-01-08 22:00:00,18.07,53,6.62,0.0,132,318,0.0,52.58
2024-01-08 23:00:00,17.27,42,7.95,0.0,71,348,0.0,75.81
2024-01-09 00:00:00,17.0,73,11.49,0.0,90,166,0.0,158.34
2024-01-09 01:00:00,17.27,14,3.58,0.0,72,179,0.0,15.4
2024-01-09 02:00:00,18.07,59,5.64,0.0,77,257,0.0,38.18
2024-01-09 03:00:00,19.34,30,9.42,0.0,85,191,0.0,106.48
2024-01-09 04:00:00,21.0,16,8.81,0.0,97,241,0.0,93.13
2024-01-09 05:00:00,22.93,41,11.38,0.0,79,266,0.0,155.31
2024-01-09 06:00:00,25.0,47,4.84,0.0,41,251,0.0,28.09
2024-01-09 07:00:00,27.07,64,5.68,83.86,141,296,29.35,38.77
2024-01-09 08:00:00,29.0,45,3.39,247.5,90,313,86.62,13.8
2024-01-09 09:00:00,30.66,67,4.0,210.01,90,254,73.5,19.21
2024-01-09 10:00:00,31.93,34,6.99,514.42,56,228,180.05,58.6
2024-01-09 11:00:00,32.73,80,11.73,173.87,44,226,60.85,165.17
2024-01-09 12:00:00,33.0,34,8.51,594.0,63,245,207.9,86.83
2024-01-09 13:00:00,32.73,60,9.7,347.73,53,245,121.71,112.83
2024-01-09 14:00:00,31.93,73,3.89,210.44,78,229,73.66,18.19
2024-01-09 15:00:00,30.66,23,10.87,490.02,85,223,171.51,141.81
2024-01-09 16:00:00,29.0,10,4.63,405.0,88,181,141.75,25.77
2024-01-09 17:00:00,27.07,41,11.55,137.43,86,232,48.1,160.05
2024-01-09 18:00:00,25.0,41,7.32,0.0,207,344,0.0,64.36
2024-01-09 19:00:00,22.93,28,8.99,0.0,153,403,0.0,96.91
2024-01-09 20:00:00,21.0,41,7.01,0.0,210,447,0.0,59.02
2024-01-09 21:00:00,19.34,37,5.45,0.0,166,335,0.0,35.6
2024-01-09 22:00:00,18.07,53,7.35,0.0,124,302,0.0,64.86
2024-01-09 23:00:00,17.27,55,8.5,0.0,45,371,0.0,86.68
2024-01-10 00:00:00,17.0,69,8.42,0.0,86,177,0.0,85.11
2024-01-10 01:00:00,17.27,50,9.77,0.0,49,270,0.0,114.59
2024-01-10 02:00:00,18.07,70,6.43,0.0,46,208,0.0,49.62
2024-01-10 03:00:00,19.34,33,6.1,0.0,54,177,0.0,44.68
2024-01-10 04:00:00,21.0,60,11.59,0.0,80,218,0.0,161.24
2024-01-10 05:00:00,22.93,24,4.75,0.0,62,198,0.0,27.08
2024-01-10 06:00:00,25.0,36,9.2,0.0,71,337,0.0,101.51
2024-01-10 07:00:00,27.07,19,6.69,188.68,91,302,66.04,53.71
2024-01-10 08:00:00,29.0,53,6.19,211.5,91,258,74.02,45.98
2024-01-10 09:00:00,30.66,69,11.72,197.28,103,315,69.05,164.83
2024-01-10 10:00:00,31.93,20,3.38,623.54,78,248,218.24,13.67
2024-01-10 11:00:00,32.73,41,11.02,512.91,99,274,179.52,145.83
2024-01-10 12:00:00,33.0,61,3.59,351.0,55,163,122.85,15.46
2024-01-10 13:00:00,32.73,64,7.04,312.96,41,238,109.54,59.48
2024-01-10 14:00:00,31.93,62,6.63,296.18,44,167,103.66,52.68
2024-01-10 15:00:00,30.66,61,8.3,248.19,54,278,86.87,82.69
2024-01-10 16:00:00,29.0,75,4.47,112.5,83,175,39.37,24.02
2024-01-10 17:00:00,27.07,64,11.28,83.86,57,187,29.35,152.61
2024-01-10 18:00:00,25.0,57,7.68,0.0,182,330,0.0,70.85
2024-01-10 19:00:00,22.93,64,10.29,0.0,189,446,0.0,127.11
2024-01-10 20:00:00,21.0,24,10.32,0.0,213,368,0.0,127.69
2024-01-10 21:00:00,19.34,17,3.19,0.0,201,429,0.0,12.17
2024-01-10 22:00:00,18.07,66,5.19,0.0,151,322,0.0,32.29
2024-01-10 23:00:00,17.27,9,4.84,0.0,72,303,0.0,28.1
2024-01-11 00:00:00,17.0,14,7.84,0.0,84,168,0.0,73.67
2024-01-11 01:00:00,17.27,33,5.23,0.0,60,269,0.0,32.8
2024-01-11 02:00:00,18.07,78,9.43,0.0,81,207,0.0,106.72
2024-01-11 03:00:00,19.34,73,5.71,0.0,57,230,0.0,39.18
2024-01-11 04:00:00,21.0,17,6.0,0.0,98,258,0.0,43.21
2024-01-11 05:00:00,22.93,52,5.43,0.0,63,161,0.0,35.41
2024-01-11 06:00:00,25.0,73,3.04,0.0,70,346,0.0,11.06
2024-01-11 07:00:00,27.07,17,3.35,193.34,125,338,67.67,13.49
2024-01-11 08:00:00,29.0,60,11.16,180.0,143,256,63.0,149.56
2024-01-11 09:00:00,30.66,68,8.16,203.65,144,262,71.28,79.92
2024-01-11 10:00:00,31.93,80,11.87,155.88,93,278,54.56,169.18
2024-01-11 11:00:00,32.73,5,9.38,825.87,87,274,289.05,105.58
2024-01-11 12:00:00,33.0,58,7.77,378.0,84,159,132.3,72.49
2024-01-11 13:00:00,32.73,52,5.74,417.28,73,266,146.05,39.57
2024-01-11 14:00:00,31.93,17,7.26,646.92,55,226,226.42,63.17
2024-01-11 15:00:00,30.66,52,3.33,305.47,69,210,106.91,13.32
2024-01-11 16:00:00,29.0,4,10.22,432.0,81,194,151.2,125.42
2024-01-11 17:00:00,27.07,69,10.98,72.21,88,266,25.27,144.66
2024-01-11 18:00:00,25.0,70,7.49,0.0,139,379,0.0,67.36
2024-01-11 19:00:00,22.93,13,7.22,0.0,154,336,0.0,62.53
2024-01-11 20:00:00,21.0,39,6.84,0.0,211,345,0.0,56.17
2024-01-11 21:00:00,19.34,74,9.95,0.0,188,394,0.0,118.84
2024-01-11 22:00:00,18.07,80,10.21,0.0,202,332,0.0,125.11
2024-01-11 23:00:00,17.27,74,3.03,0.0,88,339,0.0,11.05
2024-01-12 00:00:00,17.0,48,6.35,0.0,92,151,0.0,48.32
2024-01-12 01:00:00,17.27,72,11.57,0.0,71,263,0.0,160.62
2024-01-12 02:00:00,18.07,62,11.43,0.0,44,205,0.0,156.69
2024-01-12 03:00:00,19.34,2,3.67,0.0,51,243,0.0,16.18
2024-01-12 04:00:00,21.0,59,4.71,0.0,50,151,0.0,26.67
2024-01-12 05:00:00,22.93,62,4.01,0.0,63,229,0.0,19.29
2024-01-12 06:00:00,25.0,10,5.03,0.0,53,300,0.0,30.41
2024-01-12 07:00:00,27.07,18,3.37,191.01,113,318,66.85,13.66
2024-01-12 08:00:00,29.0,78,10.95,99.0,128,252,34.65,143.77
2024-01-12 09:00:00,30.66,6,4.06,598.21,97,302,209.37,19.76
2024-01-12 10:00:00,31.93,51,3.02,381.92,65,157,133.67,10.97
2024-01-12 11:00:00,32.73,34,3.12,573.76,91,197,200.82,11.68
2024-01-12 12:00:00,33.0,55,5.89,405.0,43,181,141.75,41.62
2024-01-12 13:00:00,32.73,4,10.9,834.56,54,228,292.1,142.48
2024-01-12 14:00:00,31.93,27,11.78,568.98,51,152,199.14,166.48
2024-01-12 15:00:00,30.66,34,4.18,420.02,94,258,147.01,20.99
2024-01-12 16:00:00,29.0,34,3.11,297.0,89,223,103.95,11.6
2024-01-12 17:00:00,27.07,17,11.0,193.34,97,271,67.67,145.19
2024-01-12 18:00:00,25.0,79,6.8,0.0,191,372,0.0,55.53
2024-01-12 19:00:00,22.93,80,4.05,0.0,190,359,0.0,19.71
2024-01-12 20:00:00,21.0,27,7.41,0.0,189,380,0.0,65.94
2024-01-12 21:00:00,19.34,23,5.24,0.0,156,419,0.0,32.96
2024-01-12 22:00:00,18.07,66,5.27,0.0,216,357,0.0,33.3
2024-01-12 23:00:00,17.27,56,3.83,0.0,72,413,0.0,17.64
2024-01-13 00:00:00,17.0,72,6.53,0.0,65,278,0.0,51.21
2024-01-13 01:00:00,17.27,74,6.72,0.0,80,196,0.0,54.14
2024-01-13 02:00:00,18.07,20,5.85,0.0,56,175,0.0,41.1
2024-01-13 03:00:00,19.34,80,8.2,0.0,55,256,0.0,80.69
2024-01-13 04:00:00,21.0,42,5.18,0.0,97,279,0.0,32.23
2024-01-13 05:00:00,22.93,42,8.13,0.0,70,201,0.0,79.33
2024-01-13 06:00:00,25.0,70,6.26,0.0,75,299,0.0,47.03
2024-01-13 07:00:00,27.07,56,8.65,102.49,89,270,35.87,89.73
2024-01-13 08:00:00,29.0,15,9.63,382.5,108,325,133.87,111.2
2024-01-13 09:00:00,30.66,49,6.77,324.56,128,298,113.6,55.02
2024-01-13 10:00:00,31.93,68,4.97,249.42,44,189,87.3,29.59
2024-01-13 11:00:00,32.73,69,8.25,269.49,98,218,94.32,81.69
2024-01-13 12:00:00,33.0,71,6.24,261.0,68,247,91.35,46.73
2024-01-13 13:00:00,32.73,20,8.22,695.47,72,252,243.41,81.01
2024-01-13 14:00:00,31.93,80,10.11,155.88,47,262,54.56,122.74
2024-01-13 15:00:00,30.66,12,7.59,560.03,82,228,196.01,69.05
2024-01-13 16:00:00,29.0,73,6.09,121.5,76,166,42.52,44.51
2024-01-13 17:00:00,27.07,10,6.7,209.64,55,269,73.38,53.9
2024-01-13 18:00:00,25.0,74,3.0,0.0,202,449,0.0,10.8
2024-01-13 19:00:00,22.93,1,5.44,0.0,130,448,0.0,35.57
2024-01-13 20:00:00,21.0,2,8.92,0.0,198,436,0.0,95.4
2024-01-13 21:00:00,19.34,72,6.64,0.0,158,429,0.0,52.84
2024-01-13 22:00:00,18.07,72,3.55,0.0,120,344,0.0,15.12
2024-01-13 23:00:00,17.27,50,4.36,0.0,63,400,0.0,22.76
2024-01-14 00:00:00,17.0,54,8.14,0.0,98,280,0.0,79.42
2024-01-14 01:00:00,17.27,1,6.15,0.0,64,276,0.0,45.4
2024-01-14 02:00:00,18.07,0,8.48,0.0,95,255,0.0,86.3
2024-01-14 03:00:00,19.34,29,3.71,0.0,53,166,0.0,16.48
2024-01-14 04:00:00,21.0,75,10.26,0.0,87,250,0.0,126.34
2024-01-14 05:00:00,22.93,79,5.63,0.0,41,154,0.0,37.98
2024-01-14 06:00:00,25.0,65,4.96,0.0,58,336,0.0,29.57
2024-01-14 07:00:00,27.07,59,11.09,95.5,82,321,33.43,147.67
2024-01-14 08:00:00,29.0,23,11.43,346.5,131,258,121.27,156.76
2024-01-14 09:00:00,30.66,74,5.97,165.46,124,280,57.91,42.8
2024-01-14 10:00:00,31.93,41,10.19,459.86,58,235,160.95,124.5
2024-01-14 11:00:00,32.73,79,3.23,182.56,42,192,63.9,12.53
2024-01-14 12:00:00,33.0,8,5.47,828.0,90,252,289.8,35.94
2024-01-14 13:00:00,32.73,20,8.53,695.47,89,253,243.41,87.31
2024-01-14 14:00:00,31.93,64,11.27,280.59,44,240,98.21,152.51
2024-01-14 15:00:00,30.66,6,7.42,598.21,61,225,209.37,66.09
2024-01-14 16:00:00,29.0,24,9.87,342.0,47,250,119.7,116.84
2024-01-14 17:00:00,27.07,1,6.25,230.61,51,210,80.71,46.8
2024-01-14 18:00:00,25.0,50,10.37,0.0,191,348,0.0,129.08
2024-01-14 19:00:00,22.93,14,8.28,0.0,146,400,0.0,82.24
2024-01-14 20:00:00,21.0,4,9.84,0.0,176,353,0.0,116.16
2024-01-14 21:00:00,19.34,18,7.61,0.0,202,375,0.0,69.52
2024-01-14 22:00:00,18.07,52,7.54,0.0,150,381,0.0,68.22
2024-01-14 23:00:00,17.27,51,4.82,0.0,89,415,0.0,27.86
2024-01-15 00:00:00,17.0,38,6.98,0.0,67,254,0.0,58.46
2024-01-15 01:00:00,17.27,65,10.88,0.0,95,219,0.0,142.06
2024-01-15 02:00:00,18.07,21,3.96,0.0,88,260,0.0,18.82
2024-01-15 03:00:00,19.34,35,11.45,0.0,58,255,0.0,157.38
2024-01-15 04:00:00,21.0,78,8.33,0.0,48,262,0.0,83.28
2024-01-15 05:00:00,22.93,2,5.86,0.0,96,187,0.0,41.2
2024-01-15 06:00:00,25.0,52,4.0,0.0,41,262,0.0,19.23
2024-01-15 07:00:00,27.07,54,5.24,107.15,131,341,37.5,32.94
2024-01-15 08:00:00,29.0,34,3.79,297.0,86,297,103.95,17.22
2024-01-15 09:00:00,30.66,69,5.17,197.28,106,291,69.05,32.02
2024-01-15 10:00:00,31.93,67,6.77,257.21,63,199,90.02,55.07
2024-01-15 11:00:00,32.73,31,3.31,599.84,45,182,209.94,13.13
2024-01-15 12:00:00,33.0,38,7.2,558.0,72,251,195.3,62.22
2024-01-15 13:00:00,32.73,64,11.83,312.96,86,164,109.54,167.94
2024-01-15 14:00:00,31.93,11,10.68,693.69,84,270,242.79,137.0
2024-01-15 15:00:00,30.66,17,3.32,528.21,69,206,184.87,13.24
2024-01-15 16:00:00,29.0,15,4.27,382.5,72,189,133.87,21.86
2024-01-15 17:00:00,27.07,14,11.18,200.33,52,252,70.11,149.89
2024-01-15 18:00:00,25.0,15,7.84,0.0,184,331,0.0,73.72
2024-01-15 19:00:00,22.93,37,5.67,0.0,147,419,0.0,38.54
2024-01-15 20:00:00,21.0,48,10.85,0.0,175,326,0.0,141.24
2024-01-15 21:00:00,19.34,68,3.78,0.0,140,383,0.0,17.11
2024-01-15 22:00:00,18.07,75,8.74,0.0,189,357,0.0,91.72
2024-01-15 23:00:00,17.27,24,9.0,0.0,48,400,0.0,97.27
2024-01-16 00:00:00,17.0,24,11.05,0.0,52,167,0.0,146.47
2024-01-16 01:00:00,17.27,54,10.43,0.0,72,238,0.0,130.58
2024-01-16 02:00:00,18.07,58,10.41,0.0,54,273,0.0,130.15
2024-01-16 03:00:00,19.34,8,8.72,0.0,94,258,0.0,91.21
2024-01-16 04:00:00,21.0,8,8.33,0.0,73,259,0.0,83.2
2024-01-16 05:00:00,22.93,73,9.1,0.0,58,168,0.0,99.28
2024-01-16 06:00:00,25.0,70,9.04,0.0,76,291,0.0,98.0
2024-01-16 07:00:00,27.07,50,3.72,116.47,116,326,40.76,16.62
2024-01-16 08:00:00,29.0,30,5.35,315.0,112,335,110.25,34.36
2024-01-16 09:00:00,30.66,14,8.37,547.3,143,314,191.56,84.1
2024-01-16 10:00:00,31.93,30,11.68,545.6,99,192,190.96,163.8
2024-01-16 11:00:00,32.73,56,10.5,382.51,72,227,133.88,132.2
2024-01-16 12:00:00,33.0,33,7.03,603.0,57,169,211.05,59.31
2024-01-16 13:00:00,32.73,75,4.36,217.33,40,260,76.07,22.84
2024-01-16 14:00:00,31.93,42,7.19,452.07,47,202,158.22,62.0
2024-01-16 15:00:00,30.66,67,5.87,210.01,81,191,73.5,41.33
2024-01-16 16:00:00,29.0,75,5.72,112.5,42,197,39.37,39.3
2024-01-16 17:00:00,27.07,51,5.63,114.14,54,232,39.95,38.05
2024-01-16 18:00:00,25.0,50,6.64,0.0,211,351,0.0,52.95
2024-01-16 19:00:00,22.93,61,6.84,0.0,142,424,0.0,56.08
2024-01-16 20:00:00,21.0,1,8.57,0.0,152,441,0.0,88.17
2024-01-16 21:00:00,19.34,52,11.59,0.0,153,323,0.0,161.27
2024-01-16 22:00:00,18.07,23,5.55,0.0,177,427,0.0,36.91
2024-01-16 23:00:00,17.27,80,9.71,0.0,78,321,0.0,113.17
2024-01-17 00:00:00,17.0,68,9.27,0.0,77,205,0.0,103.17
2024-01-17 01:00:00,17.27,72,9.24,0.0,54,251,0.0,102.39
2024-01-17 02:00:00,18.07,51,9.55,0.0,51,263,0.0,109.51
2024-01-17 03:00:00,19.34,14,9.8,0.0,57,181,0.0,115.13
2024-01-17 04:00:00,21.0,3,11.39,0.0,98,260,0.0,155.79
2024-01-17 05:00:00,22.93,17,4.47,0.0,72,176,0.0,23.94
2024-01-17 06:00:00,25.0,15,3.91,0.0,47,348,0.0,18.32
2024-01-17 07:00:00,27.07,47,9.92,123.46,135,264,43.21,118.05
2024-01-17 08:00:00,29.0,63,3.04,166.5,127,268,58.27,11.08
2024-01-17 09:00:00,30.66,19,9.68,515.48,98,342,180.42,112.35
2024-01-17 10:00:00,31.93,50,4.24,389.71,74,247,136.4,21.61
2024-01-17 11:00:00,32.73,76,5.7,208.64,62,236,73.02,38.96
2024-01-17 12:00:00,33.0,25,7.6,675.0,61,161,236.25,69.32
2024-01-17 13:00:00,32.73,23,5.66,669.39,98,178,234.29,38.49
2024-01-17 14:00:00,31.93,50,7.18,389.71,52,277,136.4,61.88
2024-01-17 15:00:00,30.66,56,7.07,280.01,71,252,98.0,59.91
2024-01-17 16:00:00,29.0,53,6.99,211.5,61,263,74.02,58.59
2024-01-17 17:00:00,27.07,75,11.59,58.23,44,210,20.38,161.08
2024-01-17 18:00:00,25.0,72,6.16,0.0,213,342,0.0,45.57
2024-01-17 19:00:00,22.93,26,3.19,0.0,199,428,0.0,12.2
2024-01-17 20:00:00,21.0,54,11.84,0.0,186,365,0.0,168.14
2024-01-17 21:00:00,19.34,45,7.83,0.0,171,425,0.0,73.53
2024-01-17 22:00:00,18.07,65,6.13,0.0,199,313,0.0,45.04
2024-01-17 23:00:00,17.27,23,3.92,0.0,43,399,0.0,18.47
2024-01-18 00:00:00,17.0,70,6.83,0.0,67,263,0.0,55.9
2024-01-18 01:00:00,17.27,6,3.11,0.0,75,205,0.0,11.58
2024-01-18 02:00:00,18.07,79,5.52,0.0,90,177,0.0,36.63
2024-01-18 03:00:00,19.34,78,8.33,0.0,99,185,0.0,83.25
2024-01-18 04:00:00,21.0,46,9.19,0.0,83,152,0.0,101.41
2024-01-18 05:00:00,22.93,53,6.92,0.0,75,160,0.0,57.45
2024-01-18 06:00:00,25.0,26,7.0,0.0,64,280,0.0,58.87
2024-01-18 07:00:00,27.07,5,8.15,221.29,110,339,77.45,79.62
2024-01-18 08:00:00,29.0,42,3.79,261.0,130,330,91.35,17.22
2024-01-18 09:00:00,30.66,8,7.32,585.48,115,293,204.92,64.27
2024-01-18 10:00:00,31.93,74,10.98,202.65,71,212,70.93,144.61
2024-01-18 11:00:00,32.73,43,4.23,495.52,54,256,173.43,21.45
2024-01-18 12:00:00,33.0,8,9.8,828.0,68,215,289.8,115.27
2024-01-18 13:00:00,32.73,44,9.55,486.83,52,159,170.39,109.52
2024-01-18 14:00:00,31.93,50,10.89,389.71,94,278,136.4,142.34
2024-01-18 15:00:00,30.66,69,9.73,197.28,67,273,69.05,113.67
2024-01-18 16:00:00,29.0,20,4.44,360.0,66,210,126.0,23.64
2024-01-18 17:00:00,27.07,20,8.8,186.35,92,275,65.22,92.96
2024-01-18 18:00:00,25.0,29,10.42,0.0,150,435,0.0,130.2
2024-01-18 19:00:00,22.93,61,11.86,0.0,140,349,0.0,168.71
2024-01-18 20:00:00,21.0,76,5.13,0.0,145,335,0.0,31.54
2024-01-18 21:00:00,19.34,19,9.84,0.0,220,374,0.0,116.11
2024-01-18 22:00:00,18.07,30,4.49,0.0,204,425,0.0,24.2
2024-01-18 23:00:00,17.27,10,6.06,0.0,50,426,0.0,44.01
2024-01-19 00:00:00,17.0,78,4.47,0.0,55,271,0.0,24.01
2024-01-19 01:00:00,17.27,19,6.1,0.0,100,183,0.0,44.6
2024-01-19 02:00:00,18.07,32,8.26,0.0,94,240,0.0,81.97
2024-01-19 03:00:00,19.34,33,11.11,0.0,82,263,0.0,148.17
2024-01-19 04:00:00,21.0,27,7.25,0.0,46,271,0.0,63.01
2024-01-19 05:00:00,22.93,19,7.7,0.0,84,195,0.0,71.19
2024-01-19 06:00:00,25.0,29,6.95,0.0,86,326,0.0,57.97
2024-01-19 07:00:00,27.07,2,3.73,228.28,144,340,79.9,16.7
2024-01-19 08:00:00,29.0,32,7.34,306.0,147,267,107.1,64.74
2024-01-19 09:00:00,30.66,77,7.41,146.37,105,334,51.23,65.82
2024-01-19 10:00:00,31.93,75,9.83,194.86,94,190,68.2,116.07
2024-01-19 11:00:00,32.73,75,7.68,217.33,94,269,76.07,70.84
2024-01-19 12:00:00,33.0,78,9.6,198.0,48,161,69.3,110.48
2024-01-19 13:00:00,32.73,11,8.98,773.71,70,255,270.8,96.79
2024-01-19 14:00:00,31.93,50,3.62,389.71,54,160,136.4,15.69
2024-01-19 15:00:00,30.66,77,3.8,146.37,59,177,51.23,17.33
2024-01-19 16:00:00,29.0,20,8.73,360.0,79,220,126.0,91.55
2024-01-19 17:00:00,27.07,45,7.06,128.12,100,150,44.84,59.77
2024-01-19 18:00:00,25.0,21,3.84,0.0,139,434,0.0,17.73
2024-01-19 19:00:00,22.93,67,4.82,0.0,219,438,0.0,27.9
2024-01-19 20:00:00,21.0,15,4.15,0.0,189,408,0.0,20.7
2024-01-19 21:00:00,19.34,52,11.02,0.0,175,447,0.0,145.84
2024-01-19 22:00:00,18.07,36,4.87,0.0,175,323,0.0,28.42
2024-01-19 23:00:00,17.27,43,9.87,0.0,57,444,0.0,116.92
2024-01-20 00:00:00,17.0,46,9.61,0.0,89,250,0.0,110.74
2024-01-20 01:00:00,17.27,60,8.09,0.0,52,177,0.0,78.52
2024-01-20 02:00:00,18.07,15,5.31,0.0,65,245,0.0,33.82
2024-01-20 03:00:00,19.34,22,3.45,0.0,43,229,0.0,14.31
2024-01-20 04:00:00,21.0,17,6.95,0.0,97,244,0.0,58.03
2024-01-20 05:00:00,22.93,56,3.84,0.0,55,152,0.0,17.67
2024-01-20 06:00:00,25.0,49,10.56,0.0,43,307,0.0,133.86
2024-01-20 07:00:00,27.07,53,9.32,109.48,120,306,38.32,104.13
2024-01-20 08:00:00,29.0,76,9.99,108.0,147,255,37.8,119.85
2024-01-20 09:00:00,30.66,65,8.37,222.74,85,291,77.96,84.14
2024-01-20 10:00:00,31.93,6,7.28,732.66,84,230,256.43,63.62
2024-01-20 11:00:00,32.73,80,7.31,173.87,69,167,60.85,64.19
2024-01-20 12:00:00,33.0,13,9.38,783.0,57,188,274.05,105.61
2024-01-20 13:00:00,32.73,72,10.38,243.41,50,236,85.19,129.41
2024-01-20 14:00:00,31.93,40,3.99,467.65,93,250,163.68,19.08
2024-01-20 15:00:00,30.66,68,8.61,203.65,100,170,71.28,89.02
2024-01-20 16:00:00,29.0,33,9.88,301.5,79,272,105.52,117.04
2024-01-20 17:00:00,27.07,8,11.94,214.3,54,263,75.01,170.98
2024-01-20 18:00:00,25.0,2,3.59,0.0,218,337,0.0,15.46
2024-01-20 19:00:00,22.93,39,5.91,0.0,179,389,0.0,41.9
2024-01-20 20:00:00,21.0,16,8.61,0.0,135,372,0.0,88.88
2024-01-20 21:00:00,19.34,51,10.31,0.0,139,331,0.0,127.59
2024-01-20 22:00:00,18.07,66,6.1,0.0,146,410,0.0,44.65
2024-01-20 23:00:00,17.27,11,3.12,0.0,62,399,0.0,11.68
2024-01-21 00:00:00,17.0,3,3.53,0.0,76,186,0.0,14.94
2024-01-21 01:00:00,17.27,13,9.71,0.0,40,271,0.0,113.05
2024-01-21 02:00:00,18.07,38,9.25,0.0,50,261,0.0,102.68
2024-01-21 03:00:00,19.34,62,4.16,0.0,61,193,0.0,20.78
2024-01-21 04:00:00,21.0,44,11.41,0.0,53,226,0.0,156.26
2024-01-21 05:00:00,22.93,41,10.96,0.0,100,210,0.0,144.1
2024-01-21 06:00:00,25.0,39,6.41,0.0,48,349,0.0,49.33
2024-01-21 07:00:00,27.07,30,11.97,163.06,115,347,57.07,171.91
2024-01-21 08:00:00,29.0,78,7.92,99.0,107,321,34.65,75.34
2024-01-21 09:00:00,30.66,22,6.5,496.39,115,287,173.74,50.67
2024-01-21 10:00:00,31.93,8,4.51,717.07,49,191,250.97,24.45
2024-01-21 11:00:00,32.73,38,7.55,538.99,75,170,188.65,68.43
2024-01-21 12:00:00,33.0,45,10.91,495.0,77,245,173.25,142.95
2024-01-21 13:00:00,32.73,56,3.76,382.51,84,238,133.88,16.98
2024-01-21 14:00:00,31.93,39,11.3,475.45,85,249,166.41,153.1
2024-01-21 15:00:00,30.66,36,3.09,407.29,42,226,142.55,11.43
2024-01-21 16:00:00,29.0,37,9.07,283.5,58,181,99.22,98.75
2024-01-21 17:00:00,27.07,47,9.63,123.46,72,165,43.21,111.3
2024-01-21 18:00:00,25.0,60,7.05,0.0,169,354,0.0,59.65
2024-01-21 19:00:00,22.93,20,3.84,0.0,205,380,0.0,17.65
2024-01-21 20:00:00,21.0,49,5.07,0.0,210,376,0.0,30.81
2024-01-21 21:00:00,19.34,74,10.3,0.0,130,325,0.0,127.38
2024-01-21 22:00:00,18.07,47,6.09,0.0,129,357,0.0,44.55
2024-01-21 23:00:00,17.27,31,10.06,0.0,97,304,0.0,121.39
2024-01-22 00:00:00,17.0,0,9.05,0.0,69,152,0.0,98.18
2024-01-22 01:00:00,17.27,31,9.34,0.0,72,252,0.0,104.74
2024-01-22 02:00:00,18.07,76,11.79,0.0,49,215,0.0,166.93
2024-01-22 03:00:00,19.34,19,10.01,0.0,84,165,0.0,120.25
2024-01-22 04:00:00,21.0,34,11.55,0.0,67,248,0.0,160.13
2024-01-22 05:00:00,22.93,35,9.7,0.0,62,236,0.0,113.0
2024-01-22 06:00:00,25.0,24,6.78,0.0,44,269,0.0,55.11
2024-01-22 07:00:00,27.07,80,11.68,46.59,92,301,16.31,163.64
2024-01-22 08:00:00,29.0,25,6.45,337.5,124,297,118.12,49.99
2024-01-22 09:00:00,30.66,16,9.03,534.57,92,330,187.1,97.91
2024-01-22 10:00:00,31.93,32,4.46,530.01,89,160,185.5,23.82
2024-01-22 11:00:00,32.73,51,10.28,425.97,98,158,149.09,126.81
2024-01-22 12:00:00,33.0,6,10.29,846.0,99,172,296.1,127.15
2024-01-22 13:00:00,32.73,79,9.33,182.56,94,206,63.9,104.49
2024-01-22 14:00:00,31.93,3,4.52,756.04,82,202,264.61,24.51
2024-01-22 15:00:00,30.66,75,4.7,159.1,89,204,55.68,26.49
2024-01-22 16:00:00,29.0,67,9.82,148.5,42,152,51.97,115.72
2024-01-22 17:00:00,27.07,49,4.42,118.8,95,183,41.58,23.43
2024-01-22 18:00:00,25.0,52,7.09,0.0,159,345,0.0,60.28
2024-01-22 19:00:00,22.93,12,9.61,0.0,191,409,0.0,110.79
2024-01-22 20:00:00,21.0,12,10.59,0.0,140,373,0.0,134.66
2024-01-22 21:00:00,19.34,2,10.96,0.0,218,320,0.0,144.02
2024-01-22 22:00:00,18.07,49,10.19,0.0,189,307,0.0,124.53
2024-01-22 23:00:00,17.27,75,7.06,0.0,60,315,0.0,59.87
2024-01-23 00:00:00,17.0,0,5.49,0.0,81,197,0.0,36.1
2024-01-23 01:00:00,17.27,78,9.31,0.0,95,160,0.0,103.92
2024-01-23 02:00:00,18.07,26,9.91,0.0,86,271,0.0,117.96
2024-01-23 03:00:00,19.34,7,11.94,0.0,73,204,0.0,170.94
2024-01-23 04:00:00,21.0,26,3.16,0.0,44,201,0.0,11.97
2024-01-23 05:00:00,22.93,12,8.14,0.0,60,165,0.0,79.51
2024-01-23 06:00:00,25.0,56,3.49,0.0,99,333,0.0,14.62
2024-01-23 07:00:00,27.07,44,5.71,130.44,140,333,45.66,39.14
2024-01-23 08:00:00,29.0,4,5.18,432.0,107,283,151.2,32.14
2024-01-23 09:00:00,30.66,33,3.11,426.39,136,337,149.23,11.6
2024-01-23 10:00:00,31.93,35,3.28,506.62,74,177,177.32,12.92
2024-01-23 11:00:00,32.73,39,8.46,530.29,76,197,185.6,85.93
2024-01-23 12:00:00,33.0,14,11.95,774.0,78,176,270.9,171.23
2024-01-23 13:00:00,32.73,15,3.65,738.93,44,167,258.63,16.03
2024-01-23 14:00:00,31.93,60,8.26,311.77,62,232,109.12,81.86
2024-01-23 15:00:00,30.66,31,7.27,439.11,53,192,153.69,63.5
2024-01-23 16:00:00,29.0,78,10.51,99.0,57,261,34.65,132.56
2024-01-23 17:00:00,27.07,13,10.24,202.66,67,272,70.93,125.8
2024-01-23 18:00:00,25.0,7,9.89,0.0,217,307,0.0,117.37
2024-01-23 19:00:00,22.93,28,10.68,0.0,134,431,0.0,136.98
2024-01-23 20:00:00,21.0,16,7.59,0.0,134,327,0.0,69.09
2024-01-23 21:00:00,19.34,63,7.24,0.0,195,362,0.0,62.86
2024-01-23 22:00:00,18.07,59,5.12,0.0,120,370,0.0,31.51
2024-01-23 23:00:00,17.27,25,4.13,0.0,63,390,0.0,20.48
2024-01-24 00:00:00,17.0,33,5.77,0.0,97,261,0.0,40.0
2024-01-24 01:00:00,17.27,20,4.88,0.0,76,242,0.0,28.62
2024-01-24 02:00:00,18.07,75,6.67,0.0,94,237,0.0,53.42
2024-01-24 03:00:00,19.34,49,7.33,0.0,81,172,0.0,64.41
2024-01-24 04:00:00,21.0,53,8.83,0.0,67,223,0.0,93.57
2024-01-24 05:00:00,22.93,79,4.28,0.0,88,156,0.0,21.95
2024-01-24 06:00:00,25.0,61,8.33,0.0,52,258,0.0,83.26
2024-01-24 07:00:00,27.07,67,10.76,76.87,113,283,26.9,138.91
2024-01-24 08:00:00,29.0,0,4.83,450.0,107,300,157.5,28.02
2024-01-24 09:00:00,30.66,71,7.2,184.55,126,340,64.59,62.26
2024-01-24 10:00:00,31.93,1,4.05,771.63,59,237,270.07,19.66
2024-01-24 11:00:00,32.73,20,8.0,695.47,85,262,243.41,76.81
2024-01-24 12:00:00,33.0,41,5.56,531.0,91,242,185.85,37.14
2024-01-24 13:00:00,32.73,77,5.89,199.95,96,256,69.98,41.65
2024-01-24 14:00:00,31.93,27,6.89,568.98,92,185,199.14,56.97
2024-01-24 15:00:00,30.66,53,4.69,299.11,83,156,104.69,26.39
2024-01-24 16:00:00,29.0,71,8.42,130.5,47,209,45.67,85.06
2024-01-24 17:00:00,27.07,25,4.6,174.7,68,208,61.15,25.41
2024-01-24 18:00:00,25.0,26,4.49,0.0,126,392,0.0,24.17
2024-01-24 19:00:00,22.93,30,11.17,0.0,211,333,0.0,149.61
2024-01-24 20:00:00,21.0,13,3.6,0.0,174,396,0.0,15.58
2024-01-24 21:00:00,19.34,31,7.42,0.0,174,447,0.0,66.11
2024-01-24 22:00:00,18.07,21,4.18,0.0,157,433,0.0,20.97
2024-01-24 23:00:00,17.27,45,7.92,0.0,57,422,0.0,75.23
2024-01-25 00:00:00,17.0,33,6.17,0.0,61,209,0.0,45.67
2024-01-25 01:00:00,17.27,50,9.03,0.0,96,175,0.0,97.79
2024-01-25 02:00:00,18.07,7,5.82,0.0,50,199,0.0,40.69
2024-01-25 03:00:00,19.34,70,9.88,0.0,85,251,0.0,117.02
2024-01-25 04:00:00,21.0,20,5.77,0.0,73,223,0.0,39.98
2024-01-25 05:00:00,22.93,60,6.46,0.0,88,173,0.0,50.13
2024-01-25 06:00:00,25.0,27,5.04,0.0,79,304,0.0,30.52
2024-01-25 07:00:00,27.07,24,9.85,177.03,113,334,61.96,116.33
2024-01-25 08:00:00,29.0,36,9.75,288.0,107,337,100.8,113.96
2024-01-25 09:00:00,30.66,15,3.51,540.94,123,350,189.33,14.78
2024-01-25 10:00:00,31.93,4,9.16,748.25,75,236,261.89,100.73
2024-01-25 11:00:00,32.73,26,8.27,643.31,80,210,225.16,82.03
2024-01-25 12:00:00,33.0,23,7.81,693.0,67,185,242.55,73.12
2024-01-25 13:00:00,32.73,67,10.43,286.88,88,214,100.41,130.62
2024-01-25 14:00:00,31.93,9,10.18,709.27,65,254,248.25,124.31
2024-01-25 15:00:00,30.66,57,3.76,273.65,80,164,95.78,16.99
2024-01-25 16:00:00,29.0,19,5.05,364.5,96,249,127.57,30.64
2024-01-25 17:00:00,27.07,23,9.42,179.36,53,236,62.78,106.44
2024-01-25 18:00:00,25.0,51,10.9,0.0,177,430,0.0,142.6
2024-01-25 19:00:00,22.93,74,10.33,0.0,128,349,0.0,128.02
2024-01-25 20:00:00,21.0,59,3.79,0.0,155,319,0.0,17.25
2024-01-25 21:00:00,19.34,46,6.85,0.0,195,414,0.0,56.24
2024-01-25 22:00:00,18.07,35,4.76,0.0,204,434,0.0,27.17
2024-01-25 23:00:00,17.27,70,6.86,0.0,57,429,0.0,56.5
2024-01-26 00:00:00,17.0,50,4.74,0.0,98,256,0.0,26.93
2024-01-26 01:00:00,17.27,7,9.91,0.0,98,221,0.0,117.85
2024-01-26 02:00:00,18.07,73,5.16,0.0,98,208,0.0,31.97
2024-01-26 03:00:00,19.34,2,7.53,0.0,97,165,0.0,68.04
2024-01-26 04:00:00,21.0,35,8.58,0.0,80,231,0.0,88.4
2024-01-26 05:00:00,22.93,56,7.09,0.0,68,224,0.0,60.26
2024-01-26 06:00:00,25.0,66,10.37,0.0,64,269,0.0,129.11
2024-01-26 07:00:00,27.07,62,11.51,88.52,123,267,30.98,159.07
2024-01-26 08:00:00,29.0,69,8.34,139.5,110,314,48.82,83.53
2024-01-26 09:00:00,30.66,66,7.63,216.37,110,280,75.73,69.93
2024-01-26 10:00:00,31.93,53,8.9,366.33,56,241,128.22,95.12
2024-01-26 11:00:00,32.73,24,5.62,660.69,65,230,231.24,37.93
2024-01-26 12:00:00,33.0,6,5.49,846.0,88,237,296.1,36.14
2024-01-26 13:00:00,32.73,35,11.11,565.07,86,197,197.77,148.06
2024-01-26 14:00:00,31.93,70,6.44,233.83,96,280,81.84,49.8
2024-01-26 15:00:00,30.66,78,7.5,140.01,74,247,49.0,67.43
2024-01-26 16:00:00,29.0,26,8.49,333.0,85,197,116.55,86.45
2024-01-26 17:00:00,27.07,5,8.05,221.29,92,253,77.45,77.73
2024-01-26 18:00:00,25.0,22,4.61,0.0,192,408,0.0,25.55
2024-01-26 19:00:00,22.93,79,4.57,0.0,122,311,0.0,25.05
2024-01-26 20:00:00,21.0,59,9.01,0.0,135,384,0.0,97.39
2024-01-26 21:00:00,19.34,12,10.92,0.0,211,304,0.0,143.09
2024-01-26 22:00:00,18.07,49,11.03,0.0,180,436,0.0,145.88
2024-01-26 23:00:00,17.27,76,8.48,0.0,98,352,0.0,86.21
2024-01-27 00:00:00,17.0,51,6.22,0.0,67,243,0.0,46.4
2024-01-27 01:00:00,17.27,15,10.37,0.0,93,244,0.0,129.01
2024-01-27 02:00:00,18.07,35,6.49,0.0,67,208,0.0,50.62
2024-01-27 03:00:00,19.34,42,6.84,0.0,61,198,0.0,56.22
2024-01-27 04:00:00,21.0,12,6.7,0.0,50,272,0.0,53.95
2024-01-27 05:00:00,22.93,69,5.53,0.0,43,175,0.0,36.76
2024-01-27 06:00:00,25.0,38,5.74,0.0,51,277,0.0,39.53
2024-01-27 07:00:00,27.07,67,4.08,76.87,118,316,26.9,19.97
2024-01-27 08:00:00,29.0,21,10.89,355.5,90,348,124.42,142.18
2024-01-27 09:00:00,30.66,45,6.88,350.02,111,327,122.51,56.86
2024-01-27 10:00:00,31.93,31,9.57,537.8,98,244,188.23,109.89
2024-01-27 11:00:00,32.73,39,4.72,530.29,66,225,185.6,26.78
2024-01-27 12:00:00,33.0,63,4.57,333.0,47,277,116.55,25.11
2024-01-27 13:00:00,32.73,13,4.18,756.32,56,213,264.71,20.96
2024-01-27 14:00:00,31.93,62,5.39,296.18,77,276,103.66,34.89
2024-01-27 15:00:00,30.66,62,5.76,241.83,100,222,84.64,39.88
2024-01-27 16:00:00,29.0,80,6.55,90.0,83,263,31.5,51.42
2024-01-27 17:00:00,27.07,4,3.2,223.62,98,237,78.27,12.3
2024-01-27 18:00:00,25.0,32,8.97,0.0,166,332,0.0,96.53
2024-01-27 19:00:00,22.93,76,4.27,0.0,156,373,0.0,21.88
2024-01-27 20:00:00,21.0,42,11.19,0.0,135,374,0.0,150.17
2024-01-27 21:00:00,19.34,1,10.58,0.0,155,376,0.0,134.26
2024-01-27 22:00:00,18.07,21,8.72,0.0,188,443,0.0,91.28
2024-01-27 23:00:00,17.27,63,10.29,0.0,88,341,0.0,126.95
2024-01-28 00:00:00,17.0,62,11.6,0.0,85,260,0.0,161.52
2024-01-28 01:00:00,17.27,38,3.56,0.0,93,257,0.0,15.17
2024-01-28 02:00:00,18.07,34,5.05,0.0,68,160,0.0,30.65
2024-01-28 03:00:00,19.34,26,6.95,0.0,55,189,0.0,57.95
2024-01-28 04:00:00,21.0,8,7.99,0.0,52,229,0.0,76.64
2024-01-28 05:00:00,22.93,17,8.99,0.0,50,254,0.0,96.91
2024-01-28 06:00:00,25.0,36,9.7,0.0,61,349,0.0,112.82
2024-01-28 07:00:00,27.07,74,3.87,60.56,98,286,21.2,17.94
2024-01-28 08:00:00,29.0,13,5.35,391.5,111,270,137.02,34.31
2024-01-28 09:00:00,30.66,47,7.1,337.29,118,300,118.05,60.57
2024-01-28 10:00:00,31.93,16,4.12,654.72,84,229,229.15,20.41
2024-01-28 11:00:00,32.73,9,10.38,791.09,62,246,276.88,129.36
2024-01-28 12:00:00,33.0,43,9.84,513.0,72,272,179.55,116.1
2024-01-28 13:00:00,32.73,48,6.66,452.05,83,245,158.22,53.23
2024-01-28 14:00:00,31.93,12,8.88,685.89,44,251,240.06,94.55
2024-01-28 15:00:00,30.66,21,11.99,502.75,43,274,175.96,172.6
2024-01-28 16:00:00,29.0,80,5.07,90.0,60,252,31.5,30.81
2024-01-28 17:00:00,27.07,23,6.17,179.36,60,163,62.78,45.73
2024-01-28 18:00:00,25.0,73,10.98,0.0,189,312,0.0,144.72
2024-01-28 19:00:00,22.93,61,5.64,0.0,170,350,0.0,38.23
2024-01-28 20:00:00,21.0,25,9.61,0.0,154,372,0.0,110.83
2024-01-28 21:00:00,19.34,10,6.81,0.0,124,389,0.0,55.61
2024-01-28 22:00:00,18.07,47,6.16,0.0,167,381,0.0,45.49
2024-01-28 23:00:00,17.27,73,7.76,0.0,50,411,0.0,72.27
2024-01-29 00:00:00,17.0,48,7.39,0.0,72,177,0.0,65.54
2024-01-29 01:00:00,17.27,5,9.67,0.0,50,235,0.0,112.11
2024-01-29 02:00:00,18.07,62,7.14,0.0,65,248,0.0,61.14
2024-01-29 03:00:00,19.34,37,8.36,0.0,65,208,0.0,83.86
2024-01-29 04:00:00,21.0,62,3.79,0.0,44,152,0.0,17.19
2024-01-29 05:00:00,22.93,7,11.13,0.0,52,169,0.0,148.73
2024-01-29 06:00:00,25.0,59,7.81,0.0,49,270,0.0,73.15
2024-01-29 07:00:00,27.07,65,11.39,81.53,121,295,28.53,155.78
2024-01-29 08:00:00,29.0,26,6.33,333.0,142,326,116.55,48.04
2024-01-29 09:00:00,30.66,23,5.78,490.02,127,337,171.51,40.09
2024-01-29 10:00:00,31.93,74,3.64,202.65,87,231,70.93,15.88
2024-01-29 11:00:00,32.73,22,5.47,678.08,49,252,237.33,35.95
2024-01-29 12:00:00,33.0,49,10.35,459.0,94,220,160.65,128.55
2024-01-29 13:00:00,32.73,5,5.67,825.87,67,170,289.05,38.57
2024-01-29 14:00:00,31.93,46,9.8,420.89,73,267,147.31,115.3
2024-01-29 15:00:00,30.66,37,5.72,400.93,60,267,140.33,39.23
2024-01-29 16:00:00,29.0,59,8.71,184.5,51,257,64.58,90.99
2024-01-29 17:00:00,27.07,29,4.29,165.39,63,233,57.88,22.11
2024-01-29 18:00:00,25.0,80,5.56,0.0,167,378,0.0,37.08
2024-01-29 19:00:00,22.93,33,7.54,0.0,220,313,0.0,68.16
2024-01-29 20:00:00,21.0,78,10.33,0.0,138,405,0.0,128.07
2024-01-29 21:00:00,19.34,73,6.51,0.0,218,376,0.0,50.83
2024-01-29 22:00:00,18.07,29,5.58,0.0,188,349,0.0,37.41
2024-01-29 23:00:00,17.27,34,9.58,0.0,87,377,0.0,110.18
2024-01-30 00:00:00,17.0,43,8.39,0.0,42,169,0.0,84.52
2024-01-30 01:00:00,17.27,50,8.91,0.0,64,237,0.0,95.28
2024-01-30 02:00:00,18.07,36,10.65,0.0,100,209,0.0,136.0
2024-01-30 03:00:00,19.34,70,3.28,0.0,92,161,0.0,12.93
2024-01-30 04:00:00,21.0,48,7.33,0.0,99,249,0.0,64.4
2024-01-30 05:00:00,22.93,9,6.07,0.0,66,216,0.0,44.21
2024-01-30 06:00:00,25.0,38,8.96,0.0,45,259,0.0,96.25
2024-01-30 07:00:00,27.07,34,10.4,153.74,101,285,53.81,129.76
2024-01-30 08:00:00,29.0,37,11.82,283.5,117,295,99.22,167.75
2024-01-30 09:00:00,30.66,13,4.68,553.66,122,291,193.78,26.23
2024-01-30 10:00:00,31.93,72,9.81,218.24,49,273,76.38,115.59
2024-01-30 11:00:00,32.73,17,6.42,721.55,98,263,252.54,49.43
2024-01-30 12:00:00,33.0,23,5.14,693.0,90,261,242.55,31.73
2024-01-30 13:00:00,32.73,49,8.29,443.36,77,274,155.18,82.45
2024-01-30 14:00:00,31.93,7,9.33,724.86,82,163,253.7,104.35
2024-01-30 15:00:00,30.66,78,7.76,140.01,80,213,49.0,72.29
2024-01-30 16:00:00,29.0,67,8.4,148.5,74,239,51.97,84.7
2024-01-30 17:00:00,27.07,78,11.87,51.25,86,247,17.94,169.18
2024-01-30 18:00:00,25.0,57,10.9,0.0,166,329,0.0,142.61
2024-01-30 19:00:00,22.93,50,11.01,0.0,198,305,0.0,145.39
2024-01-30 20:00:00,21.0,15,5.2,0.0,166,384,0.0,32.4
2024-01-30 21:00:00,19.34,49,4.46,0.0,158,369,0.0,23.89
2024-01-30 22:00:00,18.07,46,6.03,0.0,120,393,0.0,43.69
2024-01-30 23:00:00,17.27,35,5.76,0.0,75,437,0.0,39.85
2024-01-31 00:00:00,17.0,49,6.51,0.0,52,196,0.0,50.84
2024-01-31 01:00:00,17.27,41,6.87,0.0,44,196,0.0,56.66
2024-01-31 02:00:00,18.07,41,7.75,0.0,55,220,0.0,72.05
2024-01-31 03:00:00,19.34,23,6.53,0.0,40,223,0.0,51.22
2024-01-31 04:00:00,21.0,18,7.64,0.0,67,158,0.0,70.03
2024-01-31 05:00:00,22.93,61,7.47,0.0,55,253,0.0,66.96
2024-01-31 06:00:00,25.0,45,10.35,0.0,55,331,0.0,128.48
2024-01-31 07:00:00,27.07,51,3.57,114.14,95,289,39.95,15.34
2024-01-31 08:00:00,29.0,22,8.96,351.0,105,336,122.85,96.32
2024-01-31 09:00:00,30.66,69,3.41,197.28,97,329,69.05,13.94
2024-01-31 10:00:00,31.93,50,4.7,389.71,85,152,136.4,26.56
2024-01-31 11:00:00,32.73,4,7.15,834.56,93,188,292.1,61.28
2024-01-31 12:00:00,33.0,46,4.05,486.0,62,257,170.1,19.65
2024-01-31 13:00:00,32.73,56,11.85,382.51,97,270,133.88,168.61
2024-01-31 14:00:00,31.93,71,6.77,226.03,52,272,79.11,54.92
2024-01-31 15:00:00,30.66,2,7.86,623.67,41,251,218.28,74.04
2024-01-31 16:00:00,29.0,58,11.47,189.0,47,273,66.15,157.77
2024-01-31 17:00:00,27.07,48,10.72,121.13,58,177,42.39,137.91
2024-01-31 18:00:00,25.0,62,10.64,0.0,180,408,0.0,135.88
2024-01-31 19:00:00,22.93,16,4.85,0.0,125,365,0.0,28.2
2024-01-31 20:00:00,21.0,41,10.05,0.0,161,444,0.0,121.1
2024-01-31 21:00:00,19.34,36,3.49,0.0,207,357,0.0,14.59
2024-01-31 22:00:00,18.07,57,10.36,0.0,196,450,0.0,128.79
2024-01-31 23:00:00,17.27,78,6.19,0.0,89,344,0.0,45.91
2024-02-01 00:00:00,17.0,27,4.26,0.0,75,156,0.0,21.75
2024-02-01 01:00:00,17.27,11,11.11,0.0,59,207,0.0,148.22
2024-02-01 02:00:00,18.07,74,10.59,0.0,49,157,0.0,134.68
2024-02-01 03:00:00,19.34,1,5.11,0.0,90,267,0.0,31.34
2024-02-01 04:00:00,21.0,33,11.76,0.0,63,194,0.0,166.0
2024-02-01 05:00:00,22.93,23,7.33,0.0,74,165,0.0,64.56
2024-02-01 06:00:00,25.0,73,5.65,0.0,55,338,0.0,38.29
2024-02-01 07:00:00,27.07,67,3.35,76.87,83,327,26.9,13.45
2024-02-01 08:00:00,29.0,27,5.64,328.5,116,348,114.97,38.23
2024-02-01 09:00:00,30.66,49,11.17,324.56,100,341,113.6,149.7
2024-02-01 10:00:00,31.93,56,8.94,342.95,80,214,120.03,95.97
2024-02-01 11:00:00,32.73,41,3.57,512.91,52,212,179.52,15.32
2024-02-01 12:00:00,33.0,80,6.26,180.0,60,209,63.0,47.02
2024-02-01 13:00:00,32.73,22,6.48,678.08,97,185,237.33,50.46
2024-02-01 14:00:00,31.93,73,10.48,210.44,59,272,73.66,131.9
2024-02-01 15:00:00,30.66,12,9.97,560.03,79,207,196.01,119.17
2024-02-01 16:00:00,29.0,0,7.95,450.0,87,228,157.5,75.8
2024-02-01 17:00:00,27.07,41,9.68,137.43,99,240,48.1,112.5
2024-02-01 18:00:00,25.0,28,9.83,0.0,131,304,0.0,116.05
2024-02-01 19:00:00,22.93,10,4.72,0.0,128,389,0.0,26.71
2024-02-01 20:00:00,21.0,24,9.04,0.0,183,358,0.0,97.98
2024-02-01 21:00:00,19.34,0,9.34,0.0,168,440,0.0,104.57
2024-02-01 22:00:00,18.07,15,5.41,0.0,149,386,0.0,35.06
2024-02-01 23:00:00,17.27,1,11.31,0.0,63,396,0.0,153.5
2024-02-02 00:00:00,17.0,26,4.69,0.0,95,234,0.0,26.35
2024-02-02 01:00:00,17.27,54,4.05,0.0,49,243,0.0,19.64
2024-02-02 02:00:00,18.07,14,5.24,0.0,71,171,0.0,32.9
2024-02-02 03:00:00,19.34,0,4.31,0.0,66,189,0.0,22.29
2024-02-02 04:00:00,21.0,18,11.4,0.0,93,246,0.0,156.07
2024-02-02 05:00:00,22.93,63,8.82,0.0,87,243,0.0,93.36
2024-02-02 06:00:00,25.0,16,11.82,0.0,46,279,0.0,167.77
2024-02-02 07:00:00,27.07,40,10.91,139.76,105,320,48.92,142.77
2024-02-02 08:00:00,29.0,1,5.11,445.5,108,254,155.92,31.32
2024-02-02 09:00:00,30.66,3,3.45,617.3,135,257,216.06,14.31
2024-02-02 10:00:00,31.93,42,11.87,452.07,97,272,158.22,169.06
2024-02-02 11:00:00,32.73,6,4.49,817.17,69,162,286.01,24.17
2024-02-02 12:00:00,33.0,33,9.35,603.0,62,178,211.05,104.83
2024-02-02 13:00:00,32.73,66,9.64,295.57,56,178,103.45,111.56
2024-02-02 14:00:00,31.93,78,11.92,171.47,69,200,60.02,170.51
2024-02-02 15:00:00,30.66,5,9.12,604.58,91,187,211.6,99.78
2024-02-02 16:00:00,29.0,23,10.36,346.5,66,236,121.27,128.79
2024-02-02 17:00:00,27.07,31,11.94,160.73,48,253,56.25,171.01
2024-02-02 18:00:00,25.0,76,4.53,0.0,191,328,0.0,24.57
2024-02-02 19:00:00,22.93,64,8.74,0.0,139,321,0.0,91.74
2024-02-02 20:00:00,21.0,62,6.47,0.0,128,435,0.0,50.19
2024-02-02 21:00:00,19.34,47,5.97,0.0,160,371,0.0,42.74
2024-02-02 22:00:00,18.07,39,3.21,0.0,208,314,0.0,12.4
2024-02-02 23:00:00,17.27,25,9.4,0.0,52,435,0.0,106.01
2024-02-03 00:00:00,17.0,72,3.73,0.0,46,217,0.0,16.73
2024-02-03 01:00:00,17.27,34,7.39,0.0,78,217,0.0,65.5
2024-02-03 02:00:00,18.07,28,8.53,0.0,87,228,0.0,87.23
2024-02-03 03:00:00,19.34,35,9.6,0.0,42,253,0.0,110.52
2024-02-03 04:00:00,21.0,55,4.62,0.0,56,207,0.0,25.66
2024-02-03 05:00:00,22.93,21,11.12,0.0,68,215,0.0,148.29
2024-02-03 06:00:00,25.0,55,3.02,0.0,82,251,0.0,10.95
2024-02-03 07:00:00,27.07,18,5.77,191.01,138,337,66.85,39.95
2024-02-03 08:00:00,29.0,53,3.04,211.5,132,341,74.02,11.12
2024-02-03 09:00:00,30.66,9,9.17,579.12,94,266,202.69,100.92
2024-02-03 10:00:00,31.93,21,6.48,615.74,98,194,215.51,50.46
2024-02-03 11:00:00,32.73,11,9.64,773.71,47,164,270.8,111.61
2024-02-03 12:00:00,33.0,5,9.09,855.0,60,167,299.25,99.09
2024-02-03 13:00:00,32.73,43,8.63,495.52,61,150,173.43,89.41
2024-02-03 14:00:00,31.93,0,3.19,779.42,89,209,272.8,12.2
2024-02-03 15:00:00,30.66,49,10.61,324.56,76,169,113.6,134.98
2024-02-03 16:00:00,29.0,3,5.31,436.5,48,269,152.77,33.84
2024-02-03 17:00:00,27.07,26,8.36,172.37,58,168,60.33,83.81
2024-02-03 18:00:00,25.0,73,11.81,0.0,214,325,0.0,167.5
2024-02-03 19:00:00,22.93,46,6.17,0.0,121,391,0.0,45.72
2024-02-03 20:00:00,21.0,35,3.6,0.0,159,433,0.0,15.52
2024-02-03 21:00:00,19.34,52,8.01,0.0,209,375,0.0,77.03
2024-02-03 22:00:00,18.07,62,5.62,0.0,192,438,0.0,37.95
2024-02-03 23:00:00,17.27,62,4.01,0.0,75,414,0.0,19.3
2024-02-04 00:00:00,17.0,5,3.35,0.0,55,227,0.0,13.49
2024-02-04 01:00:00,17.27,0,4.25,0.0,77,244,0.0,21.68
2024-02-04 02:00:00,18.07,48,5.47,0.0,68,195,0.0,35.94
2024-02-04 03:00:00,19.34,7,8.1,0.0,50,259,0.0,78.77
2024-02-04 04:00:00,21.0,27,5.44,0.0,57,273,0.0,35.47
2024-02-04 05:00:00,22.93,40,3.03,0.0,83,201,0.0,10.99
2024-02-04 06:00:00,25.0,1,6.95,0.0,43,312,0.0,58.03
2024-02-04 07:00:00,27.07,9,9.0,211.97,126,333,74.19,97.26
2024-02-04 08:00:00,29.0,55,3.65,202.5,119,253,70.87,15.95
2024-02-04 09:00:00,30.66,61,9.01,248.19,131,339,86.87,97.41
2024-02-04 10:00:00,31.93,29,3.57,553.39,69,271,193.69,15.33
2024-02-04 11:00:00,32.73,71,8.2,252.11,74,180,88.24,80.63
2024-02-04 12:00:00,33.0,30,3.18,630.0,99,177,220.5,12.15
2024-02-04 13:00:00,32.73,26,6.56,643.31,81,188,225.16,51.71
2024-02-04 14:00:00,31.93,27,5.33,568.98,91,230,199.14,34.15
2024-02-04 15:00:00,30.66,11,11.53,566.39,51,248,198.24,159.48
2024-02-04 16:00:00,29.0,59,11.66,184.5,100,247,64.58,163.2
2024-02-04 17:00:00,27.07,10,6.55,209.64,99,150,73.38,51.47
2024-02-04 18:00:00,25.0,40,8.15,0.0,129,419,0.0,79.73
2024-02-04 19:00:00,22.93,36,8.76,0.0,176,435,0.0,92.06
2024-02-04 20:00:00,21.0,71,6.28,0.0,151,444,0.0,47.25
2024-02-04 21:00:00,19.34,7,3.81,0.0,199,334,0.0,17.39
2024-02-04 22:00:00,18.07,40,11.32,0.0,219,422,0.0,153.75
2024-02-04 23:00:00,17.27,53,8.78,0.0,53,374,0.0,92.6
2024-02-05 00:00:00,17.0,79,4.4,0.0,47,225,0.0,23.23
2024-02-05 01:00:00,17.27,30,3.17,0.0,95,172,0.0,12.04
2024-02-05 02:00:00,18.07,5,7.16,0.0,52,234,0.0,61.46
2024-02-05 03:00:00,19.34,76,5.5,0.0,58,218,0.0,36.34
2024-02-05 04:00:00,21.0,66,8.63,0.0,73,155,0.0,89.46
2024-02-05 05:00:00,22.93,49,11.2,0.0,67,220,0.0,150.46
2024-02-05 06:00:00,25.0,17,3.77,0.0,52,263,0.0,17.08
2024-02-05 07:00:00,27.07,11,9.71,207.31,88,347,72.56,113.1
2024-02-05 08:00:00,29.0,9,5.04,409.5,139,319,143.32,30.44
2024-02-05 09:00:00,30.66,53,7.72,299.11,115,278,104.69,71.5
2024-02-05 10:00:00,31.93,75,9.64,194.86,53,186,68.2,111.49
2024-02-05 11:00:00,32.73,74,8.95,226.03,87,176,79.11,96.11
2024-02-05 12:00:00,33.0,19,3.56,729.0,93,241,255.15,15.19
2024-02-05 13:00:00,32.73,22,4.02,678.08,67,268,237.33,19.38
2024-02-05 14:00:00,31.93,77,6.11,179.27,41,215,62.74,44.75
2024-02-05 15:00:00,30.66,24,6.85,483.66,92,190,169.28,56.26
2024-02-05 16:00:00,29.0,51,6.18,220.5,67,162,77.17,45.85
2024-02-05 17:00:00,27.07,63,5.38,86.19,52,224,30.17,34.72
2024-02-05 18:00:00,25.0,41,8.93,0.0,197,326,0.0,95.61
2024-02-05 19:00:00,22.93,11,10.34,0.0,168,358,0.0,128.26
2024-02-05 20:00:00,21.0,69,5.12,0.0,190,390,0.0,31.47
2024-02-05 21:00:00,19.34,46,5.19,0.0,125,435,0.0,32.29
2024-02-05 22:00:00,18.07,47,8.14,0.0,179,346,0.0,79.54
2024-02-05 23:00:00,17.27,8,10.16,0.0,40,385,0.0,123.98
2024-02-06 00:00:00,17.0,3,11.21,0.0,98,168,0.0,150.75
2024-02-06 01:00:00,17.27,31,6.04,0.0,83,151,0.0,43.8
2024-02-06 02:00:00,18.07,56,8.79,0.0,81,223,0.0,92.75
2024-02-06 03:00:00,19.34,76,4.86,0.0,56,234,0.0,28.29
2024-02-06 04:00:00,21.0,6,5.67,0.0,79,268,0.0,38.64
2024-02-06 05:00:00,22.93,32,11.8,0.0,82,174,0.0,167.2
2024-02-06 06:00:00,25.0,8,4.07,0.0,50,341,0.0,19.85
2024-02-06 07:00:00,27.07,36,4.95,149.08,106,296,52.18,29.45
2024-02-06 08:00:00,29.0,4,8.86,432.0,93,329,151.2,94.22
2024-02-06 09:00:00,30.66,43,3.71,362.75,135,313,126.96,16.55
2024-02-06 10:00:00,31.93,5,6.74,740.45,85,272,259.16,54.58
2024-02-06 11:00:00,32.73,25,10.45,652.0,63,216,228.2,131.09
2024-02-06 12:00:00,33.0,22,7.1,702.0,51,250,245.7,60.48
2024-02-06 13:00:00,32.73,43,6.78,495.52,88,254,173.43,55.12
2024-02-06 14:00:00,31.93,53,9.77,366.33,85,253,128.22,114.55
2024-02-06 15:00:00,30.66,6,7.21,598.21,77,171,209.37,62.35
2024-02-06 16:00:00,29.0,41,5.0,265.5,44,177,92.92,30.0
2024-02-06 17:00:00,27.07,1,9.95,230.61,88,249,80.71,118.86
2024-02-06 18:00:00,25.0,39,11.31,0.0,194,422,0.0,153.38
2024-02-06 19:00:00,22.93,34,8.81,0.0,197,321,0.0,93.12
2024-02-06 20:00:00,21.0,31,6.78,0.0,164,399,0.0,55.23
2024-02-06 21:00:00,19.34,68,11.87,0.0,168,334,0.0,169.12
2024-02-06 22:00:00,18.07,36,10.67,0.0,211,424,0.0,136.56
2024-02-06 23:00:00,17.27,10,9.75,0.0,49,429,0.0,114.03
2024-02-07 00:00:00,17.0,36,9.26,0.0,42,229,0.0,102.87
2024-02-07 01:00:00,17.27,76,4.27,0.0,47,202,0.0,21.88
2024-02-07 02:00:00,18.07,50,4.78,0.0,79,269,0.0,27.46
2024-02-07 03:00:00,19.34,35,11.31,0.0,59,220,0.0,153.63
2024-02-07 04:00:00,21.0,58,6.11,0.0,91,270,0.0,44.76
2024-02-07 05:00:00,22.93,32,9.93,0.0,61,196,0.0,118.32
2024-02-07 06:00:00,25.0,31,11.03,0.0,76,295,0.0,146.02
2024-02-07 07:00:00,27.07,21,5.17,184.02,95,265,64.41,32.05
2024-02-07 08:00:00,29.0,70,10.38,135.0,137,334,47.25,129.19
2024-02-07 09:00:00,30.66,41,7.37,375.47,118,317,131.42,65.16
2024-02-07 10:00:00,31.93,40,4.19,467.65,90,235,163.68,21.06
2024-02-07 11:00:00,32.73,42,4.67,504.21,68,188,176.47,26.12
2024-02-07 12:00:00,33.0,47,4.41,477.0,61,162,166.95,23.37
2024-02-07 13:00:00,32.73,9,10.02,791.09,84,248,276.88,120.55
2024-02-07 14:00:00,31.93,78,4.16,171.47,77,162,60.02,20.77
2024-02-07 15:00:00,30.66,34,11.84,420.02,80,196,147.01,168.09
2024-02-07 16:00:00,29.0,3,9.6,436.5,48,204,152.77,110.7
2024-02-07 17:00:00,27.07,15,9.54,198.0,76,207,69.3,109.28
2024-02-07 18:00:00,25.0,39,6.61,0.0,218,389,0.0,52.5
2024-02-07 19:00:00,22.93,79,11.25,0.0,146,355,0.0,151.87
2024-02-07 20:00:00,21.0,78,4.66,0.0,206,324,0.0,26.03
2024-02-07 21:00:00,19.34,56,6.6,0.0,182,340,0.0,52.28
2024-02-07 22:00:00,18.07,36,7.19,0.0,189,344,0.0,62.04
2024-02-07 23:00:00,17.27,24,9.95,0.0,57,345,0.0,118.84
2024-02-08 00:00:00,17.0,13,5.61,0.0,50,271,0.0,37.73
2024-02-08 01:00:00,17.27,2,11.6,0.0,72,224,0.0,161.57
2024-02-08 02:00:00,18.07,73,10.76,0.0,62,264,0.0,138.89
2024-02-08 03:00:00,19.34,38,9.46,0.0,64,231,0.0,107.43
2024-02-08 04:00:00,21.0,76,6.68,0.0,46,260,0.0,53.59
2024-02-08 05:00:00,22.93,21,8.85,0.0,68,197,0.0,93.96
2024-02-08 06:00:00,25.0,76,3.77,0.0,86,303,0.0,17.04
2024-02-08 07:00:00,27.07,73,7.84,62.89,132,258,22.01,73.79
2024-02-08 08:00:00,29.0,5,3.28,427.5,95,326,149.62,12.89
2024-02-08 09:00:00,30.66,62,7.75,241.83,134,274,84.64,72.07
2024-02-08 10:00:00,31.93,18,11.91,639.13,49,161,223.69,170.27
2024-02-08 11:00:00,32.73,56,3.87,382.51,49,239,133.88,18.0
2024-02-08 12:00:00,33.0,33,11.28,603.0,55,166,211.05,152.76
2024-02-08 13:00:00,32.73,19,8.01,704.16,46,196,246.46,77.05
2024-02-08 14:00:00,31.93,45,6.25,428.68,64,224,150.04,46.85
2024-02-08 15:00:00,30.66,78,8.53,140.01,59,255,49.0,87.28
2024-02-08 16:00:00,29.0,76,5.55,108.0,80,172,37.8,36.94
2024-02-08 17:00:00,27.07,47,9.93,123.46,43,164,43.21,118.36
2024-02-08 18:00:00,25.0,62,9.68,0.0,150,355,0.0,112.54
2024-02-08 19:00:00,22.93,73,4.01,0.0,146,306,0.0,19.34
2024-02-08 20:00:00,21.0,74,11.46,0.0,218,359,0.0,157.46
2024-02-08 21:00:00,19.34,6,5.94,0.0,198,430,0.0,42.4
2024-02-08 22:00:00,18.07,80,11.39,0.0,159,443,0.0,155.65
2024-02-08 23:00:00,17.27,40,5.39,0.0,92,415,0.0,34.82
2024-02-09 00:00:00,17.0,80,6.31,0.0,62,208,0.0,47.76
2024-02-09 01:00:00,17.27,18,7.91,0.0,49,258,0.0,75.13
2024-02-09 02:00:00,18.07,3,10.22,0.0,96,201,0.0,125.34
2024-02-09 03:00:00,19.34,67,6.45,0.0,82,235,0.0,49.87
2024-02-09 04:00:00,21.0,28,5.93,0.0,82,222,0.0,42.19
2024-02-09 05:00:00,22.93,29,4.91,0.0,55,163,0.0,28.91
2024-02-09 06:00:00,25.0,8,7.39,0.0,52,272,0.0,65.62
2024-02-09 07:00:00,27.07,6,8.27,218.96,121,254,76.64,82.14
2024-02-09 08:00:00,29.0,43,4.63,256.5,146,281,89.77,25.67
2024-02-09 09:00:00,30.66,31,3.86,439.11,105,343,153.69,17.87
2024-02-09 10:00:00,31.93,55,9.61,350.74,70,251,122.76,110.76
2024-02-09 11:00:00,32.73,7,3.79,808.48,67,215,282.97,17.22
2024-02-09 12:00:00,33.0,56,10.33,396.0,98,223,138.6,128.16
2024-02-09 13:00:00,32.73,54,9.31,399.89,65,236,139.96,104.03
2024-02-09 14:00:00,31.93,10,5.84,701.48,79,194,245.52,40.93
2024-02-09 15:00:00,30.66,1,8.95,630.03,89,279,220.51,96.2
2024-02-09 16:00:00,29.0,72,9.84,126.0,64,279,44.1,116.3
2024-02-09 17:00:00,27.07,74,3.06,60.56,72,184,21.2,11.27
2024-02-09 18:00:00,25.0,80,7.49,0.0,127,333,0.0,67.39
2024-02-09 19:00:00,22.93,79,4.76,0.0,164,399,0.0,27.2
2024-02-09 20:00:00,21.0,37,7.15,0.0,144,307,0.0,61.31
2024-02-09 21:00:00,19.34,80,3.39,0.0,207,371,0.0,13.83
2024-02-09 22:00:00,18.07,65,7.23,0.0,204,311,0.0,62.67
2024-02-09 23:00:00,17.27,78,6.65,0.0,99,322,0.0,53.09
2024-02-10 00:00:00,17.0,72,9.55,0.0,64,235,0.0,109.48
2024-02-10 01:00:00,17.27,45,3.78,0.0,83,219,0.0,17.12
2024-02-10 02:00:00,18.07,20,11.55,0.0,45,205,0.0,160.21
2024-02-10 03:00:00,19.34,31,6.82,0.0,97,151,0.0,55.77
2024-02-10 04:00:00,21.0,14,7.86,0.0,47,223,0.0,74.15
2024-02-10 05:00:00,22.93,48,8.17,0.0,66,200,0.0,80.13
2024-02-10 06:00:00,25.0,62,11.46,0.0,100,300,0.0,157.53
2024-02-10 07:00:00,27.07,62,5.13,88.52,113,327,30.98,31.62
2024-02-10 08:00:00,29.0,23,8.84,346.5,149,255,121.27,93.76
2024-02-10 09:00:00,30.66,28,5.89,458.21,136,277,160.37,41.63
2024-02-10 10:00:00,31.93,17,4.48,646.92,66,162,226.42,24.07
2024-02-10 11:00:00,32.73,17,9.51,721.55,90,271,252.54,108.45
2024-02-10 12:00:00,33.0,41,5.89,531.0,93,176,185.85,41.66
2024-02-10 13:00:00,32.73,44,10.31,486.83,43,258,170.39,127.5
2024-02-10 14:00:00,31.93,7,7.21,724.86,92,159,253.7,62.46
2024-02-10 15:00:00,30.66,45,8.01,350.02,70,218,122.51,76.94
2024-02-10 16:00:00,29.0,26,7.38,333.0,43,162,116.55,65.43
2024-02-10 17:00:00,27.07,75,8.65,58.23,50,201,20.38,89.75
2024-02-10 18:00:00,25.0,77,8.39,0.0,165,318,0.0,84.42
2024-02-10 19:00:00,22.93,7,4.57,0.0,198,314,0.0,25.03
2024-02-10 20:00:00,21.0,38,6.79,0.0,185,423,0.0,55.36
2024-02-10 21:00:00,19.34,57,3.27,0.0,135,332,0.0,12.86
2024-02-10 22:00:00,18.07,27,3.26,0.0,171,301,0.0,12.76
2024-02-10 23:00:00,17.27,39,8.26,0.0,81,313,0.0,81.81
2024-02-11 00:00:00,17.0,65,9.19,0.0,94,200,0.0,101.42
2024-02-11 01:00:00,17.27,17,5.73,0.0,64,189,0.0,39.37
2024-02-11 02:00:00,18.07,78,3.89,0.0,42,190,0.0,18.18
2024-02-11 03:00:00,19.34,17,4.36,0.0,95,154,0.0,22.79
2024-02-11 04:00:00,21.0,75,7.58,0.0,56,214,0.0,69.0
2024-02-11 05:00:00,22.93,36,7.25,0.0,61,247,0.0,62.99
2024-02-11 06:00:00,25.0,16,11.49,0.0,57,295,0.0,158.44
2024-02-11 07:00:00,27.07,64,6.29,83.86,85,296,29.35,47.49
2024-02-11 08:00:00,29.0,70,7.81,135.0,113,294,47.25,73.25
2024-02-11 09:00:00,30.66,22,10.11,496.39,87,288,173.74,122.57
2024-02-11 10:00:00,31.93,74,10.91,202.65,46,237,70.93,142.96
2024-02-11 11:00:00,32.73,16,9.52,730.24,61,167,255.58,108.71
2024-02-11 12:00:00,33.0,50,6.22,450.0,59,202,157.5,46.43
2024-02-11 13:00:00,32.73,64,3.06,312.96,66,238,109.54,11.25
2024-02-11 14:00:00,31.93,27,8.08,568.98,66,196,199.14,78.41
2024-02-11 15:00:00,30.66,65,6.95,222.74,53,183,77.96,57.93
2024-02-11 16:00:00,29.0,74,4.19,117.0,65,267,40.95,21.03
2024-02-11 17:00:00,27.07,33,10.69,156.07,82,185,54.62,137.21
2024-02-11 18:00:00,25.0,34,8.15,0.0,123,426,0.0,79.71
2024-02-11 19:00:00,22.93,16,4.78,0.0,173,355,0.0,27.42
2024-02-11 20:00:00,21.0,5,7.5,0.0,203,430,0.0,67.5
2024-02-11 21:00:00,19.34,41,9.75,0.0,206,338,0.0,114.18
2024-02-11 22:00:00,18.07,57,4.24,0.0,166,391,0.0,21.59
2024-02-11 23:00:00,17.27,9,6.6,0.0,68,358,0.0,52.26
2024-02-12 00:00:00,17.0,78,11.1,0.0,55,196,0.0,147.93
2024-02-12 01:00:00,17.27,43,9.44,0.0,80,167,0.0,107.04
2024-02-12 02:00:00,18.07,70,11.97,0.0,83,233,0.0,171.85
2024-02-12 03:00:00,19.34,28,6.16,0.0,68,227,0.0,45.56
2024-02-12 04:00:00,21.0,21,10.45,0.0,45,221,0.0,131.13
2024-02-12 05:00:00,22.93,19,9.34,0.0,77,217,0.0,104.79
2024-02-12 06:00:00,25.0,44,11.46,0.0,61,311,0.0,157.57
2024-02-12 07:00:00,27.07,36,3.48,149.08,82,309,52.18,14.55
2024-02-12 08:00:00,29.0,30,9.99,315.0,106,253,110.25,119.7
2024-02-12 09:00:00,30.66,41,11.46,375.47,147,253,131.42,157.65
2024-02-12 10:00:00,31.93,42,3.79,452.07,88,253,158.22,17.2
2024-02-12 11:00:00,32.73,54,7.22,399.89,73,178,139.96,62.52
2024-02-12 12:00:00,33.0,73,11.05,243.0,60,153,85.05,146.47
2024-02-12 13:00:00,32.73,58,9.19,365.12,60,257,127.79,101.45
2024-02-12 14:00:00,31.93,29,6.45,553.39,87,186,193.69,49.88
2024-02-12 15:00:00,30.66,64,3.64,229.1,64,263,80.19,15.91
2024-02-12 16:00:00,29.0,6,10.7,423.0,74,186,148.05,137.42
2024-02-12 17:00:00,27.07,44,5.1,130.44,64,259,45.66,31.25
2024-02-12 18:00:00,25.0,79,4.57,0.0,161,428,0.0,25.03
2024-02-12 19:00:00,22.93,52,4.28,0.0,162,368,0.0,21.94
2024-02-12 20:00:00,21.0,24,5.32,0.0,136,445,0.0,33.91
2024-02-12 21:00:00,19.34,74,8.02,0.0,180,301,0.0,77.24
2024-02-12 22:00:00,18.07,44,9.82,0.0,121,430,0.0,115.66
2024-02-12 23:00:00,17.27,45,10.75,0.0,70,312,0.0,138.74
2024-02-13 00:00:00,17.0,56,8.24,0.0,44,188,0.0,81.53
2024-02-13 01:00:00,17.27,60,3.27,0.0,93,183,0.0,12.84
2024-02-13 02:00:00,18.07,63,8.11,0.0,42,226,0.0,78.87
2024-02-13 03:00:00,19.34,56,9.35,0.0,59,224,0.0,104.85
2024-02-13 04:00:00,21.0,18,10.12,0.0,59,273,0.0,122.87
2024-02-13 05:00:00,22.93,9,11.87,0.0,78,161,0.0,169.19
2024-02-13 06:00:00,25.0,56,4.7,0.0,57,270,0.0,26.47
2024-02-13 07:00:00,27.07,33,6.23,156.07,127,298,54.62,46.61
2024-02-13 08:00:00,29.0,22,10.0,351.0,148,316,122.85,120.07
2024-02-13 09:00:00,30.66,29,8.58,451.84,100,261,158.14,88.33
2024-02-13 10:00:00,31.93,43,8.19,444.27,67,264,155.49,80.43
2024-02-13 11:00:00,32.73,44,8.33,486.83,55,242,170.39,83.18
2024-02-13 12:00:00,33.0,20,9.08,720.0,65,183,252.0,98.97
2024-02-13 13:00:00,32.73,12,10.11,765.01,82,252,267.75,122.58
2024-02-13 14:00:00,31.93,75,4.5,194.86,89,216,68.2,24.34
2024-02-13 15:00:00,30.66,43,10.1,362.75,69,185,126.96,122.53
2024-02-13 16:00:00,29.0,20,11.74,360.0,89,246,126.0,165.39
2024-02-13 17:00:00,27.07,12,5.89,204.98,62,222,71.74,41.58
2024-02-13 18:00:00,25.0,17,6.25,0.0,184,373,0.0,46.89
2024-02-13 19:00:00,22.93,13,11.12,0.0,173,388,0.0,148.31
2024-02-13 20:00:00,21.0,7,4.17,0.0,137,389,0.0,20.9
2024-02-13 21:00:00,19.34,42,9.07,0.0,165,390,0.0,98.74
2024-02-13 22:00:00,18.07,70,8.2,0.0,139,339,0.0,80.69
2024-02-13 23:00:00,17.27,2,10.75,0.0,70,306,0.0,138.64
2024-02-14 00:00:00,17.0,16,7.5,0.0,46,241,0.0,67.42
2024-02-14 01:00:00,17.27,62,11.85,0.0,64,246,0.0,168.42
2024-02-14 02:00:00,18.07,68,9.58,0.0,73,177,0.0,110.05
2024-02-14 03:00:00,19.34,65,8.31,0.0,47,158,0.0,82.92
2024-02-14 04:00:00,21.0,31,5.2,0.0,40,165,0.0,32.39
2024-02-14 05:00:00,22.93,27,5.45,0.0,59,276,0.0,35.65
2024-02-14 06:00:00,25.0,40,8.0,0.0,59,320,0.0,76.81
2024-02-14 07:00:00,27.07,17,10.43,193.34,142,337,67.67,130.66
2024-02-14 08:00:00,29.0,12,9.79,396.0,124,276,138.6,114.94
2024-02-14 09:00:00,30.66,48,8.61,330.93,103,259,115.82,88.95
2024-02-14 10:00:00,31.93,67,7.85,257.21,75,276,90.02,74.0
2024-02-14 11:00:00,32.73,28,7.09,625.92,93,203,219.07,60.27
2024-02-14 12:00:00,33.0,17,10.93,747.0,62,250,261.45,143.48
2024-02-14 13:00:00,32.73,75,4.69,217.33,52,277,76.07,26.39
2024-02-14 14:00:00,31.93,4,9.15,748.25,50,236,261.89,100.52
2024-02-14 15:00:00,30.66,37,3.05,400.93,67,255,140.33,11.16
2024-02-14 16:00:00,29.0,34,7.26,297.0,96,247,103.95,63.24
2024-02-14 17:00:00,27.07,68,10.94,74.54,45,257,26.09,143.53
2024-02-14 18:00:00,25.0,75,4.02,0.0,218,435,0.0,19.42
2024-02-14 19:00:00,22.93,22,8.18,0.0,210,435,0.0,80.37
2024-02-14 20:00:00,21.0,10,7.66,0.0,182,395,0.0,70.44
2024-02-14 21:00:00,19.34,36,7.59,0.0,194,426,0.0,69.1
2024-02-14 22:00:00,18.07,52,8.89,0.0,128,353,0.0,94.91
2024-02-14 23:00:00,17.27,72,11.38,0.0,91,420,0.0,155.37
2024-02-15 00:00:00,17.0,53,11.51,0.0,92,231,0.0,159.08
2024-02-15 01:00:00,17.27,51,3.58,0.0,96,254,0.0,15.39
2024-02-15 02:00:00,18.07,59,4.0,0.0,41,215,0.0,19.16
2024-02-15 03:00:00,19.34,8,7.88,0.0,52,221,0.0,74.54
2024-02-15 04:00:00,21.0,39,8.41,0.0,59,170,0.0,84.93
2024-02-15 05:00:00,22.93,4,6.93,0.0,78,180,0.0,57.61
2024-02-15 06:00:00,25.0,12,10.22,0.0,75,346,0.0,125.36
2024-02-15 07:00:00,27.07,18,6.18,191.01,150,321,66.85,45.8
2024-02-15 08:00:00,29.0,13,3.42,391.5,96,333,137.02,14.06
2024-02-15 09:00:00,30.66,24,6.6,483.66,95,254,169.28,52.32
2024-02-15 10:00:00,31.93,17,7.25,646.92,96,224,226.42,63.01
2024-02-15 11:00:00,32.73,66,10.31,295.57,87,163,103.45,127.64
2024-02-15 12:00:00,33.0,16,3.97,756.0,71,208,264.6,18.96
2024-02-15 13:00:00,32.73,70,12.0,260.8,99,220,91.28,172.7
2024-02-15 14:00:00,31.93,10,10.88,701.48,62,166,245.52,142.03
2024-02-15 15:00:00,30.66,17,5.97,528.21,83,176,184.87,42.82
2024-02-15 16:00:00,29.0,29,10.09,319.5,92,222,111.82,122.09
2024-02-15 17:00:00,27.07,6,11.94,218.96,47,181,76.64,171.06
2024-02-15 18:00:00,25.0,60,6.68,0.0,143,435,0.0,53.47
2024-02-15 19:00:00,22.93,48,5.56,0.0,204,440,0.0,37.11
2024-02-15 20:00:00,21.0,17,9.38,0.0,178,382,0.0,105.62
2024-02-15 21:00:00,19.34,9,11.57,0.0,148,360,0.0,160.56
2024-02-15 22:00:00,18.07,14,4.45,0.0,169,413,0.0,23.72
2024-02-15 23:00:00,17.27,43,10.43,0.0,85,342,0.0,130.6
2024-02-16 00:00:00,17.0,74,6.01,0.0,51,269,0.0,43.41
2024-02-16 01:00:00,17.27,39,3.49,0.0,93,257,0.0,14.59
2024-02-16 02:00:00,18.07,44,5.37,0.0,62,234,0.0,34.6
2024-02-16 03:00:00,19.34,72,9.38,0.0,72,191,0.0,105.47
2024-02-16 04:00:00,21.0,60,10.31,0.0,88,230,0.0,127.61
2024-02-16 05:00:00,22.93,64,3.38,0.0,81,237,0.0,13.71
2024-02-16 06:00:00,25.0,64,11.81,0.0,87,341,0.0,167.44
2024-02-16 07:00:00,27.07,37,10.17,146.75,94,345,51.36,124.14
2024-02-16 08:00:00,29.0,68,9.26,144.0,123,270,50.4,102.92
2024-02-16 09:00:00,30.66,79,11.64,133.64,114,258,46.78,162.51
2024-02-16 10:00:00,31.93,24,4.25,592.36,54,235,207.33,21.67
2024-02-16 11:00:00,32.73,13,8.27,756.32,76,221,264.71,82.02
2024-02-16 12:00:00,33.0,30,9.54,630.0,52,151,220.5,109.21
2024-02-16 13:00:00,32.73,51,4.63,425.97,40,164,149.09,25.75
2024-02-16 14:00:00,31.93,51,3.0,381.92,79,246,133.67,10.81
2024-02-16 15:00:00,30.66,26,9.38,470.93,81,238,164.83,105.56
2024-02-16 16:00:00,29.0,73,11.39,121.5,95,158,42.52,155.65
2024-02-16 17:00:00,27.07,70,6.46,69.88,46,270,24.46,50.13
2024-02-16 18:00:00,25.0,49,6.69,0.0,129,403,0.0,53.73
2024-02-16 19:00:00,22.93,79,11.87,0.0,159,375,0.0,169.0
2024-02-16 20:00:00,21.0,21,7.78,0.0,167,308,0.0,72.67
2024-02-16 21:00:00,19.34,62,7.18,0.0,195,387,0.0,61.88
2024-02-16 22:00:00,18.07,24,7.27,0.0,132,411,0.0,63.42
2024-02-16 23:00:00,17.27,30,4.66,0.0,58,353,0.0,26.01
2024-02-17 00:00:00,17.0,12,6.15,0.0,60,231,0.0,45.43
2024-02-17 01:00:00,17.27,48,9.71,0.0,83,155,0.0,113.17
2024-02-17 02:00:00,18.07,32,8.51,0.0,42,267,0.0,86.83
2024-02-17 03:00:00,19.34,70,8.36,0.0,57,162,0.0,83.96
2024-02-17 04:00:00,21.0,34,9.47,0.0,93,252,0.0,107.6
2024-02-17 05:00:00,22.93,59,4.57,0.0,46,223,0.0,25.09
2024-02-17 06:00:00,25.0,32,10.01,0.0,41,259,0.0,120.27
2024-02-17 07:00:00,27.07,8,3.33,214.3,106,288,75.01,13.31
2024-02-17 08:00:00,29.0,65,5.68,157.5,123,298,55.12,38.71
2024-02-17 09:00:00,30.66,25,7.57,477.3,88,326,167.05,68.7
2024-02-17 10:00:00,31.93,40,10.06,467.65,99,263,163.68,121.33
2024-02-17 11:00:00,32.73,23,4.08,669.39,81,163,234.29,20.02
2024-02-17 12:00:00,33.0,41,3.81,531.0,71,250,185.85,17.44
2024-02-17 13:00:00,32.73,4,4.34,834.56,41,220,292.1,22.59
2024-02-17 14:00:00,31.93,47,11.89,413.09,87,210,144.58,169.65
2024-02-17 15:00:00,30.66,55,6.12,286.38,53,247,100.23,44.91
2024-02-17 16:00:00,29.0,26,8.87,333.0,98,209,116.55,94.5
2024-02-17 17:00:00,27.07,23,6.13,179.36,96,216,62.78,45.04
2024-02-17 18:00:00,25.0,56,7.39,0.0,214,386,0.0,65.59
2024-02-17 19:00:00,22.93,8,8.83,0.0,164,360,0.0,93.51
2024-02-17 20:00:00,21.0,1,7.84,0.0,202,433,0.0,73.74
2024-02-17 21:00:00,19.34,79,5.7,0.0,204,421,0.0,38.93
2024-02-17 22:00:00,18.07,64,9.2,0.0,193,438,0.0,101.61
2024-02-17 23:00:00,17.27,20,10.49,0.0,93,337,0.0,131.96
2024-02-18 00:00:00,17.0,25,5.32,0.0,73,215,0.0,33.98
2024-02-18 01:00:00,17.27,18,3.12,0.0,83,259,0.0,11.65
2024-02-18 02:00:00,18.07,39,8.41,0.0,89,276,0.0,84.84
2024-02-18 03:00:00,19.34,15,7.41,0.0,49,250,0.0,65.82
2024-02-18 04:00:00,21.0,78,6.03,0.0,68,230,0.0,43.71
2024-02-18 05:00:00,22.93,36,6.86,0.0,56,191,0.0,56.41
2024-02-18 06:00:00,25.0,79,10.03,0.0,98,320,0.0,120.68
2024-02-18 07:00:00,27.07,15,6.6,198.0,93,298,69.3,52.2
2024-02-18 08:00:00,29.0,70,8.34,135.0,121,257,47.25,83.43
2024-02-18 09:00:00,30.66,11,6.17,566.39,144,260,198.24,45.63
2024-02-18 10:00:00,31.93,37,5.36,491.04,96,168,171.86,34.47
2024-02-18 11:00:00,32.73,56,10.95,382.51,83,195,133.88,143.8
2024-02-18 12:00:00,33.0,63,4.4,333.0,66,172,116.55,23.21
2024-02-18 13:00:00,32.73,80,4.54,173.87,95,202,60.85,24.75
2024-02-18 14:00:00,31.93,11,10.15,693.69,61,220,242.79,123.7
2024-02-18 15:00:00,30.66,28,8.79,458.21,41,273,160.37,92.72
2024-02-18 16:00:00,29.0,60,3.48,180.0,50,164,63.0,14.57
2024-02-18 17:00:00,27.07,5,8.65,221.29,42,210,77.45,89.85
2024-02-18 18:00:00,25.0,8,3.81,0.0,149,441,0.0,17.46
2024-02-18 19:00:00,22.93,56,5.66,0.0,164,315,0.0,38.46
2024-02-18 20:00:00,21.0,67,4.7,0.0,153,311,0.0,26.48
2024-02-18 21:00:00,19.34,75,6.56,0.0,149,385,0.0,51.68
2024-02-18 22:00:00,18.07,32,7.78,0.0,215,398,0.0,72.66
2024-02-18 23:00:00,17.27,46,7.81,0.0,44,387,0.0,73.2
2024-02-19 00:00:00,17.0,1,10.7,0.0,86,248,0.0,137.46
2024-02-19 01:00:00,17.27,41,3.25,0.0,75,189,0.0,12.69
2024-02-19 02:00:00,18.07,22,11.93,0.0,47,165,0.0,170.66
2024-02-19 03:00:00,19.34,50,3.05,0.0,78,162,0.0,11.17
2024-02-19 04:00:00,21.0,37,11.43,0.0,47,169,0.0,156.69
2024-02-19 05:00:00,22.93,47,8.42,0.0,57,197,0.0,85.03
2024-02-19 06:00:00,25.0,4,3.24,0.0,73,315,0.0,12.59
2024-02-19 07:00:00,27.07,57,8.96,100.16,122,251,35.06,96.43
2024-02-19 08:00:00,29.0,38,9.61,279.0,123,277,97.65,110.86
2024-02-19 09:00:00,30.66,73,8.91,171.83,141,297,60.14,95.35
2024-02-19 10:00:00,31.93,25,9.93,584.57,86,258,204.6,118.42
2024-02-19 11:00:00,32.73,67,3.47,286.88,84,150,100.41,14.43
2024-02-19 12:00:00,33.0,30,6.22,630.0,57,216,220.5,46.43
2024-02-19 13:00:00,32.73,64,8.4,312.96,46,160,109.54,84.77
2024-02-19 14:00:00,31.93,8,11.27,717.07,93,246,250.97,152.39
2024-02-19 15:00:00,30.66,11,4.36,566.39,100,273,198.24,22.77
2024-02-19 16:00:00,29.0,67,11.95,148.5,97,210,51.97,171.38
2024-02-19 17:00:00,27.07,41,6.7,137.43,42,248,48.1,53.87
2024-02-19 18:00:00,25.0,80,4.85,0.0,147,319,0.0,28.23
2024-02-19 19:00:00,22.93,67,5.87,0.0,124,415,0.0,41.36
2024-02-19 20:00:00,21.0,1,11.92,0.0,186,348,0.0,170.55
2024-02-19 21:00:00,19.34,11,7.28,0.0,165,407,0.0,63.62
2024-02-19 22:00:00,18.07,38,3.34,0.0,212,407,0.0,13.37
2024-02-19 23:00:00,17.27,51,4.25,0.0,64,450,0.0,21.67
2024-02-20 00:00:00,17.0,73,8.83,0.0,63,268,0.0,93.6
2024-02-20 01:00:00,17.27,19,8.54,0.0,80,242,0.0,87.55
2024-02-20 02:00:00,18.07,14,10.18,0.0,97,259,0.0,124.29
2024-02-20 03:00:00,19.34,3,4.31,0.0,91,231,0.0,22.26
2024-02-20 04:00:00,21.0,69,3.08,0.0,44,184,0.0,11.42
2024-02-20 05:00:00,22.93,59,4.83,0.0,89,222,0.0,27.97
2024-02-20 06:00:00,25.0,63,6.92,0.0,81,291,0.0,57.52
2024-02-20 07:00:00,27.07,3,10.1,225.95,142,330,79.08,122.5
2024-02-20 08:00:00,29.0,16,9.07,378.0,109,310,132.3,98.62
2024-02-20 09:00:00,30.66,76,6.73,152.74,132,288,53.46,54.41
2024-02-20 10:00:00,31.93,74,6.9,202.65,63,191,70.93,57.1
2024-02-20 11:00:00,32.73,45,3.27,478.13,94,161,167.35,12.85
2024-02-20 12:00:00,33.0,31,4.58,621.0,70,215,217.35,25.12
2024-02-20 13:00:00,32.73,73,7.1,234.72,57,247,82.15,60.44
2024-02-20 14:00:00,31.93,32,7.53,530.01,60,212,185.5,67.98
2024-02-20 15:00:00,30.66,49,4.36,324.56,75,264,113.6,22.78
2024-02-20 16:00:00,29.0,62,5.23,171.0,52,268,59.85,32.86
2024-02-20 17:00:00,27.07,14,8.6,200.33,54,264,70.11,88.78
2024-02-20 18:00:00,25.0,26,8.85,0.0,214,320,0.0,93.95
2024-02-20 19:00:00,22.93,24,8.07,0.0,151,394,0.0,78.21
2024-02-20 20:00:00,21.0,73,6.09,0.0,120,364,0.0,44.48
2024-02-20 21:00:00,19.34,65,6.04,0.0,178,369,0.0,43.78
2024-02-20 22:00:00,18.07,1,9.2,0.0,155,391,0.0,101.5
2024-02-20 23:00:00,17.27,54,5.98,0.0,43,324,0.0,42.84
2024-02-21 00:00:00,17.0,62,6.51,0.0,97,156,0.0,50.9
2024-02-21 01:00:00,17.27,77,11.45,0.0,72,159,0.0,157.3
2024-02-21 02:00:00,18.07,57,11.1,0.0,56,201,0.0,147.88
2024-02-21 03:00:00,19.34,63,4.34,0.0,64,150,0.0,22.61
2024-02-21 04:00:00,21.0,75,6.13,0.0,69,156,0.0,45.03
2024-02-21 05:00:00,22.93,18,3.4,0.0,47,280,0.0,13.87
2024-02-21 06:00:00,25.0,28,7.39,0.0,78,293,0.0,65.46
2024-02-21 07:00:00,27.07,26,10.74,172.37,141,286,60.33,138.33
2024-02-21 08:00:00,29.0,69,9.48,139.5,120,286,48.82,107.88
2024-02-21 09:00:00,30.66,10,9.79,572.76,143,336,200.46,115.12
2024-02-21 10:00:00,31.93,16,8.89,654.72,58,170,229.15,94.79
2024-02-21 11:00:00,32.73,2,5.1,851.95,65,241,298.18,31.21
2024-02-21 12:00:00,33.0,75,6.53,225.0,54,169,78.75,51.15
2024-02-21 13:00:00,32.73,26,6.28,643.31,67,186,225.16,47.39
2024-02-21 14:00:00,31.93,33,8.15,522.21,73,211,182.77,79.65
2024-02-21 15:00:00,30.66,4,6.98,610.94,96,230,213.83,58.43
2024-02-21 16:00:00,29.0,2,6.86,441.0,92,164,154.35,56.51
2024-02-21 17:00:00,27.07,22,11.97,181.69,40,252,63.59,171.83
2024-02-21 18:00:00,25.0,63,6.29,0.0,134,337,0.0,47.49
2024-02-21 19:00:00,22.93,48,9.31,0.0,126,336,0.0,104.03
2024-02-21 20:00:00,21.0,58,8.58,0.0,185,435,0.0,88.36
2024-02-21 21:00:00,19.34,8,3.9,0.0,154,379,0.0,18.29
2024-02-21 22:00:00,18.07,66,11.07,0.0,209,392,0.0,146.94
2024-02-21 23:00:00,17.27,44,6.17,0.0,46,333,0.0,45.68
2024-02-22 00:00:00,17.0,52,5.59,0.0,91,267,0.0,37.51
2024-02-22 01:00:00,17.27,68,11.7,0.0,61,183,0.0,164.4
2024-02-22 02:00:00,18.07,76,5.61,0.0,53,200,0.0,37.71
2024-02-22 03:00:00,19.34,27,4.52,0.0,52,276,0.0,24.53
2024-02-22 04:00:00,21.0,60,6.14,0.0,49,153,0.0,45.26
2024-02-22 05:00:00,22.93,37,7.34,0.0,89,160,0.0,64.68
2024-02-22 06:00:00,25.0,54,6.13,0.0,92,303,0.0,45.14
2024-02-22 07:00:00,27.07,5,9.13,221.29,103,281,77.45,99.97
2024-02-22 08:00:00,29.0,6,6.68,423.0,130,293,148.05,53.5
2024-02-22 09:00:00,30.66,79,5.13,133.64,88,280,46.78,31.63
2024-02-22 10:00:00,31.93,2,9.75,763.83,94,220,267.34,114.14
2024-02-22 11:00:00,32.73,9,7.2,791.09,86,175,276.88,62.28
2024-02-22 12:00:00,33.0,43,9.44,513.0,76,215,179.55,107.01
2024-02-22 13:00:00,32.73,63,4.95,321.65,44,232,112.58,29.36
2024-02-22 14:00:00,31.93,18,7.79,639.13,58,154,223.69,72.8
2024-02-22 15:00:00,30.66,18,5.53,521.84,64,232,182.65,36.74
2024-02-22 16:00:00,29.0,43,11.33,256.5,91,225,89.77,153.94
2024-02-22 17:00:00,27.07,16,11.63,195.67,85,203,68.48,162.36
2024-02-22 18:00:00,25.0,22,9.0,0.0,132,437,0.0,97.28
2024-02-22 19:00:00,22.93,25,7.36,0.0,183,321,0.0,64.92
2024-02-22 20:00:00,21.0,23,10.77,0.0,183,421,0.0,139.19
2024-02-22 21:00:00,19.34,1,7.22,0.0,122,368,0.0,62.47
2024-02-22 22:00:00,18.07,15,11.75,0.0,195,314,0.0,165.55
2024-02-22 23:00:00,17.27,75,8.37,0.0,42,414,0.0,84.01
2024-02-23 00:00:00,17.0,46,9.32,0.0,46,260,0.0,104.2
2024-02-23 01:00:00,17.27,46,5.6,0.0,94,211,0.0,37.67
2024-02-23 02:00:00,18.07,53,8.26,0.0,40,167,0.0,81.79
2024-02-23 03:00:00,19.34,66,11.06,0.0,46,173,0.0,146.78
2024-02-23 04:00:00,21.0,76,8.68,0.0,98,164,0.0,90.38
2024-02-23 05:00:00,22.93,13,4.36,0.0,71,190,0.0,22.86
2024-02-23 06:00:00,25.0,2,7.1,0.0,64,284,0.0,60.41
2024-02-23 07:00:00,27.07,26,3.31,172.37,92,263,60.33,13.17
2024-02-23 08:00:00,29.0,0,10.1,450.0,139,309,157.5,122.49
2024-02-23 09:00:00,30.66,38,8.73,394.57,141,311,138.1,91.53
2024-02-23 10:00:00,31.93,35,9.09,506.62,47,162,177.32,99.23
2024-02-23 11:00:00,32.73,1,11.49,860.64,60,204,301.22,158.5
2024-02-23 12:00:00,33.0,28,10.32,648.0,55,197,226.8,127.91
2024-02-23 13:00:00,32.73,14,7.35,747.63,56,238,261.67,64.85
2024-02-23 14:00:00,31.93,33,10.11,522.21,65,195,182.77,122.67
2024-02-23 15:00:00,30.66,46,8.94,343.65,72,259,120.28,95.9
2024-02-23 16:00:00,29.0,22,6.63,351.0,60,246,122.85,52.77
2024-02-23 17:00:00,27.07,78,9.62,51.25,76,188,17.94,111.07
2024-02-23 18:00:00,25.0,53,4.43,0.0,216,415,0.0,23.55
2024-02-23 19:00:00,22.93,42,4.51,0.0,220,406,0.0,24.41
2024-02-23 20:00:00,21.0,63,9.87,0.0,164,345,0.0,116.99
2024-02-23 21:00:00,19.34,62,10.61,0.0,184,431,0.0,134.99
2024-02-23 22:00:00,18.07,14,8.61,0.0,177,389,0.0,88.96
2024-02-23 23:00:00,17.27,57,8.94,0.0,76,307,0.0,95.93
2024-02-24 00:00:00,17.0,13,3.0,0.0,93,189,0.0,10.81
2024-02-24 01:00:00,17.27,74,9.78,0.0,41,202,0.0,114.8
2024-02-24 02:00:00,18.07,62,8.46,0.0,79,162,0.0,85.86
2024-02-24 03:00:00,19.34,65,10.2,0.0,43,276,0.0,124.82
2024-02-24 04:00:00,21.0,57,4.3,0.0,47,269,0.0,22.17
2024-02-24 05:00:00,22.93,31,7.59,0.0,76,150,0.0,69.08
2024-02-24 06:00:00,25.0,36,8.32,0.0,100,334,0.0,83.13
2024-02-24 07:00:00,27.07,63,9.85,86.19,118,269,30.17,116.41
2024-02-24 08:00:00,29.0,35,7.35,292.5,86,261,102.38,64.81
2024-02-24 09:00:00,30.66,33,10.28,426.39,89,290,149.23,126.93
2024-02-24 10:00:00,31.93,68,10.82,249.42,78,264,87.3,140.43
2024-02-24 11:00:00,32.73,77,8.15,199.95,47,174,69.98,79.68
2024-02-24 12:00:00,33.0,44,4.05,504.0,73,159,176.4,19.72
2024-02-24 13:00:00,32.73,64,4.72,312.96,49,168,109.54,26.76
2024-02-24 14:00:00,31.93,28,9.81,561.18,83,174,196.41,115.55
2024-02-24 15:00:00,30.66,4,9.25,610.94,53,152,213.83,102.64
2024-02-24 16:00:00,29.0,59,7.84,184.5,40,221,64.58,73.77
2024-02-24 17:00:00,27.07,28,7.47,167.71,87,240,58.7,67.01
2024-02-24 18:00:00,25.0,15,4.41,0.0,202,374,0.0,23.31
2024-02-24 19:00:00,22.93,35,9.9,0.0,128,322,0.0,117.51
2024-02-24 20:00:00,21.0,36,5.07,0.0,179,314,0.0,30.9
2024-02-24 21:00:00,19.34,23,4.21,0.0,181,447,0.0,21.24
2024-02-24 22:00:00,18.07,33,6.29,0.0,150,343,0.0,47.45
2024-02-24 23:00:00,17.27,18,3.99,0.0,88,373,0.0,19.14
2024-02-25 00:00:00,17.0,47,7.79,0.0,53,210,0.0,72.9
2024-02-25 01:00:00,17.27,70,3.66,0.0,66,188,0.0,16.03
2024-02-25 02:00:00,18.07,25,4.08,0.0,53,231,0.0,19.93
2024-02-25 03:00:00,19.34,4,5.36,0.0,82,192,0.0,34.44
2024-02-25 04:00:00,21.0,30,3.4,0.0,43,155,0.0,13.87
2024-02-25 05:00:00,22.93,27,5.9,0.0,54,253,0.0,41.8
2024-02-25 06:00:00,25.0,67,4.97,0.0,88,292,0.0,29.68
2024-02-25 07:00:00,27.07,42,10.13,135.1,131,318,47.29,123.22
2024-02-25 08:00:00,29.0,79,7.37,94.5,93,274,33.07,65.26
2024-02-25 09:00:00,30.66,74,11.72,165.46,90,256,57.91,164.86
2024-02-25 10:00:00,31.93,76,10.97,187.06,78,245,65.47,144.35
2024-02-25 11:00:00,32.73,6,7.32,817.17,71,244,286.01,64.33
2024-02-25 12:00:00,33.0,2,4.15,882.0,52,259,308.7,20.67
2024-02-25 13:00:00,32.73,74,4.62,226.03,51,262,79.11,25.58
2024-02-25 14:00:00,31.93,1,4.67,771.63,75,221,270.07,26.19
2024-02-25 15:00:00,30.66,24,11.68,483.66,60,186,169.28,163.69
2024-02-25 16:00:00,29.0,79,6.1,94.5,52,157,33.07,44.61
2024-02-25 17:00:00,27.07,51,11.34,114.14,69,160,39.95,154.41
2024-02-25 18:00:00,25.0,78,4.7,0.0,191,419,0.0,26.48
2024-02-25 19:00:00,22.93,20,4.36,0.0,166,340,0.0,22.85
2024-02-25 20:00:00,21.0,20,6.16,0.0,174,321,0.0,45.51
2024-02-25 21:00:00,19.34,28,3.27,0.0,120,395,0.0,12.8
2024-02-25 22:00:00,18.07,11,11.24,0.0,123,337,0.0,151.48
2024-02-25 23:00:00,17.27,30,7.64,0.0,71,357,0.0,70.09
2024-02-26 00:00:00,17.0,38,6.65,0.0,96,216,0.0,53.13
2024-02-26 01:00:00,17.27,62,9.53,0.0,95,250,0.0,109.07
2024-02-26 02:00:00,18.07,35,10.86,0.0,54,204,0.0,141.48
2024-02-26 03:00:00,19.34,41,7.14,0.0,50,202,0.0,61.25
2024-02-26 04:00:00,21.0,65,11.22,0.0,86,176,0.0,151.04
2024-02-26 05:00:00,22.93,0,5.91,0.0,74,222,0.0,41.93
2024-02-26 06:00:00,25.0,59,11.94,0.0,77,338,0.0,171.09
2024-02-26 07:00:00,27.07,60,3.41,93.17,98,346,32.61,13.94
2024-02-26 08:00:00,29.0,17,11.05,373.5,137,301,130.72,146.48
2024-02-26 09:00:00,30.66,47,5.28,337.29,122,328,118.05,33.45
2024-02-26 10:00:00,31.93,69,9.98,241.62,83,217,84.57,119.61
2024-02-26 11:00:00,32.73,24,7.78,660.69,72,272,231.24,72.68
2024-02-26 12:00:00,33.0,61,5.54,351.0,98,235,122.85,36.83
2024-02-26 13:00:00,32.73,37,6.6,547.68,59,186,191.69,52.35
2024-02-26 14:00:00,31.93,42,11.31,452.07,56,220,158.22,153.53
2024-02-26 15:00:00,30.66,18,11.55,521.84,69,181,182.65,160.1
2024-02-26 16:00:00,29.0,56,8.85,198.0,79,235,69.3,93.92
2024-02-26 17:00:00,27.07,60,6.51,93.17,51,169,32.61,50.9
2024-02-26 18:00:00,25.0,29,10.8,0.0,128,358,0.0,139.9
2024-02-26 19:00:00,22.93,60,7.5,0.0,120,355,0.0,67.57
2024-02-26 20:00:00,21.0,50,10.03,0.0,182,337,0.0,120.72
2024-02-26 21:00:00,19.34,30,11.14,0.0,164,359,0.0,148.92
2024-02-26 22:00:00,18.07,0,8.59,0.0,144,309,0.0,88.53
2024-02-26 23:00:00,17.27,11,10.06,0.0,57,386,0.0,121.45
2024-02-27 00:00:00,17.0,30,9.72,0.0,96,273,0.0,113.38
2024-02-27 01:00:00,17.27,20,3.67,0.0,66,253,0.0,16.19
2024-02-27 02:00:00,18.07,76,5.29,0.0,69,155,0.0,33.55
2024-02-27 03:00:00,19.34,73,5.38,0.0,96,220,0.0,34.79
2024-02-27 04:00:00,21.0,3,6.2,0.0,49,170,0.0,46.09
2024-02-27 05:00:00,22.93,37,7.45,0.0,58,246,0.0,66.67
2024-02-27 06:00:00,25.0,31,4.57,0.0,65,269,0.0,25.07
2024-02-27 07:00:00,27.07,2,10.31,228.28,112,313,79.9,127.53
2024-02-27 08:00:00,29.0,41,11.37,265.5,128,308,92.92,155.01
2024-02-27 09:00:00,30.66,25,4.26,477.3,126,277,167.05,21.79
2024-02-27 10:00:00,31.93,24,6.7,592.36,99,193,207.33,53.8
2024-02-27 11:00:00,32.73,22,8.39,678.08,44,268,237.33,84.53
2024-02-27 12:00:00,33.0,12,9.68,792.0,89,192,277.2,112.38
2024-02-27 13:00:00,32.73,53,10.75,408.59,64,186,143.01,138.77
2024-02-27 14:00:00,31.93,49,6.82,397.51,80,181,139.13,55.84
2024-02-27 15:00:00,30.66,70,7.51,190.92,99,240,66.82,67.77
2024-02-27 16:00:00,29.0,76,11.88,108.0,75,215,37.8,169.43
2024-02-27 17:00:00,27.07,54,8.1,107.15,52,187,37.5,78.78
2024-02-27 18:00:00,25.0,0,7.85,0.0,134,329,0.0,73.9
2024-02-27 19:00:00,22.93,39,6.35,0.0,201,438,0.0,48.4
2024-02-27 20:00:00,21.0,10,8.38,0.0,157,441,0.0,84.25
2024-02-27 21:00:00,19.34,16,4.02,0.0,200,338,0.0,19.42
2024-02-27 22:00:00,18.07,55,11.2,0.0,144,437,0.0,150.58
2024-02-27 23:00:00,17.27,39,6.13,0.0,83,340,0.0,45.11
2024-02-28 00:00:00,17.0,48,11.81,0.0,84,197,0.0,167.35
2024-02-28 01:00:00,17.27,47,4.45,0.0,51,239,0.0,23.76
2024-02-28 02:00:00,18.07,2,7.43,0.0,85,205,0.0,66.23
2024-02-28 03:00:00,19.34,30,8.97,0.0,71,235,0.0,96.49
2024-02-28 04:00:00,21.0,80,11.57,0.0,91,272,0.0,160.52
2024-02-28 05:00:00,22.93,52,3.59,0.0,40,150,0.0,15.42
2024-02-28 06:00:00,25.0,22,5.55,0.0,89,325,0.0,37.02
2024-02-28 07:00:00,27.07,29,7.33,165.39,102,281,57.88,64.44
2024-02-28 08:00:00,29.0,3,7.71,436.5,133,297,152.77,71.26
2024-02-28 09:00:00,30.66,39,3.06,388.2,148,291,135.87,11.21
2024-02-28 10:00:00,31.93,71,8.13,226.03,64,232,79.11,79.32
2024-02-28 11:00:00,32.73,28,9.27,625.92,41,252,219.07,103.12
2024-02-28 12:00:00,33.0,49,5.98,459.0,73,185,160.65,42.96
2024-02-28 13:00:00,32.73,75,4.44,217.33,51,205,76.07,23.69
2024-02-28 14:00:00,31.93,12,4.18,685.89,98,153,240.06,20.97
2024-02-28 15:00:00,30.66,19,7.65,515.48,86,197,180.42,70.28
2024-02-28 16:00:00,29.0,1,6.44,445.5,65,172,155.92,49.7
2024-02-28 17:00:00,27.07,31,3.12,160.73,58,230,56.25,11.71
2024-02-28 18:00:00,25.0,57,6.25,0.0,202,343,0.0,46.87
2024-02-28 19:00:00,22.93,29,4.38,0.0,159,396,0.0,22.99
2024-02-28 20:00:00,21.0,59,3.05,0.0,142,313,0.0,11.18
2024-02-28 21:00:00,19.34,7,10.41,0.0,167,342,0.0,129.92
2024-02-28 22:00:00,18.07,53,4.95,0.0,142,355,0.0,29.45
2024-02-28 23:00:00,17.27,64,9.28,0.0,61,425,0.0,103.32
2024-02-29 00:00:00,17.0,11,10.01,0.0,62,152,0.0,120.28
2024-02-29 01:00:00,17.27,69,4.74,0.0,76,219,0.0,26.99
2024-02-29 02:00:00,18.07,40,3.33,0.0,79,225,0.0,13.33
2024-02-29 03:00:00,19.34,8,6.79,0.0,55,241,0.0,55.38
2024-02-29 04:00:00,21.0,80,3.34,0.0,53,226,0.0,13.41
2024-02-29 05:00:00,22.93,20,11.99,0.0,81,213,0.0,172.48
2024-02-29 06:00:00,25.0,4,7.67,0.0,54,301,0.0,70.66
2024-02-29 07:00:00,27.07,67,5.79,76.87,84,275,26.9,40.29
2024-02-29 08:00:00,29.0,53,9.67,211.5,149,305,74.02,112.12
2024-02-29 09:00:00,30.66,48,7.25,330.93,99,255,115.82,63.12
2024-02-29 10:00:00,31.93,15,8.87,662.51,82,256,231.88,94.33
2024-02-29 11:00:00,32.73,25,10.89,652.0,82,155,228.2,142.32
2024-02-29 12:00:00,33.0,22,4.58,702.0,74,267,245.7,25.2
2024-02-29 13:00:00,32.73,9,6.66,791.09,48,186,276.88,53.22
2024-02-29 14:00:00,31.93,35,4.39,506.62,98,218,177.32,23.11
2024-02-29 15:00:00,30.66,43,5.75,362.75,43,242,126.96,39.62
2024-02-29 16:00:00,29.0,72,5.73,126.0,62,191,44.1,39.34
2024-02-29 17:00:00,27.07,26,10.59,172.37,65,212,60.33,134.51
2024-02-29 18:00:00,25.0,7,7.11,0.0,188,355,0.0,60.68
2024-02-29 19:00:00,22.93,17,4.21,0.0,209,366,0.0,21.3
2024-02-29 20:00:00,21.0,80,10.42,0.0,148,312,0.0,130.18
2024-02-29 21:00:00,19.34,18,3.31,0.0,124,328,0.0,13.18
2024-02-29 22:00:00,18.07,7,11.56,0.0,211,420,0.0,160.48
2024-02-29 23:00:00,17.27,79,6.75,0.0,96,445,0.0,54.63
